mission_id,mission_name,agency,target,target_primary,target_count,mission_type,mission_type_normalized,launch_date,launch_year,arrival_date,cruise_duration_days,cruise_duration_years,spacecraft_mass_kg,rover_or_lander_mass_kg,science_payload_mass_kg,launch_payload_mass_kg,mass_definition,launch_vehicle,propulsion_type,mission_status,mission_outcome,mission_success,historical_success_label,target_canonical,target_class,target_host,target_mass_1e24_kg,target_radius_km,target_density_g_cm3,target_gravity_m_s2,target_gravity_earth_g,target_escape_velocity_km_s,target_heliocentric_AU,target_solar_flux_relative_earth,one_way_light_time_minutes,target_has_conventional_solid_surface,spacecraft_mass_to_payload_ratio,is_flyby,is_orbiter,is_lander,is_rover,is_sample_return,is_impactor,landing_relevant,engineering_fields_present,engineering_completeness_pct,ml_label_type,source_priority,source_url,source_tier,target_physics_source,retrieval_date_utc,data_status,label_definition,derived_feature_note,idealized_hohmann_departure_delta_v_km_s,idealized_hohmann_arrival_delta_v_km_s,idealized_hohmann_total_delta_v_km_s,idealized_hohmann_transfer_days,solar_flux_relative_earth,blackbody_equilibrium_temperature_K,thermal_environment_class,one_way_light_time_minutes_v4,round_trip_light_time_minutes_v4,target_escape_velocity_relative_earth,surface_landing_physics_flag,v4_feature_completeness_pct,delta_v_data_type,thermal_data_type,radiation_data_type,actual_spacecraft_mass_kg,dry_mass_kg_actual,propellant_mass_kg_actual,science_payload_mass_kg_actual,launch_vehicle_actual,propulsion_actual,radiation_environment_note,engineering_source_tier,actual_mass_semantics,actual_or_catalog_cruise_days,mission_duration_days,communication_rtt_minutes,solar_power_relative_earth_proxy,gravity_assist_documented,atmospheric_entry_relevant,screening_trajectory_burden,screening_communication_burden,screening_gravity_well_burden,screening_thermal_burden,physics_screening_score_0_100,physics_screening_score_type,recommended_ml_target,data_lineage
VORNIS-M0001,Pioneer 10,NASA,Jupiter,Jupiter,1,Flyby,flyby,1972-03-02,1972.0,1973-12-04,642.0,1.757700205338809,258.0,,,,spacecraft mass where explicitly documented,Atlas-Centaur,,Completed,Completed successfully,1.0,1.0,Jupiter,planet,Sun,1898.125,69911.0,1.3262,24.79,2.5278764919722843,60.2,5.202887,0.0369412181736708,43.27109171263557,0.0,,1,0,0,0,0,0,0,7,87.5,historical_mission_outcome,NASA/ESA/ISRO official mission page,https://science.nasa.gov/mission/pioneer-10/,NASA/ESA/ISRO official mission page,JPL SSD planetary/satellite physical parameters,2026-10-04T15:48:29Z,documented,1 = documented successful/completed mission phase; 0 = documented unsuccessful mission; blank = active/incomplete or no final outcome,Derived from sourced values; solar flux assumes inverse-square scaling from heliocentric semimajor-axis proxy; light time uses JPL au/c constant.,8.792745188174479,5.643205765124286,14.435950953298764,997.5030724335468,0.0369412181736708,122.09644038930092,very_cold,43.27109171263557,86.54218342527115,5.379803395889187,0.0,72.7,idealized_two_body_earth_to_target_orbit_proxy,idealized_blackbody_proxy,solar_flux_proxy_not_radiation_dose,258.0,,,,Atlas-Centaur,,,mission-catalogue provenance from V2,spacecraft mass; source-specific definition,642.0,,86.54218342527115,0.0369412181736708,,0,0.7217975476649382,0.02884739447509038,1.0,0.7162443936820493,38.3,transparent heuristic screening index; NOT ML probability,requires separately curated future-feasibility label,V2 mission catalogue + V3 target physics + V4 analytical physics + official mission enrichments where available
VORNIS-M0002,Pioneer 11,NASA,Jupiter; Saturn,Jupiter,2,Flyby,flyby,1973-04-06,1973.0,1973-12-04,242.0,0.6625598904859685,258.5,,,,spacecraft mass where explicitly documented,Atlas-Centaur,,Completed,Completed successfully,1.0,1.0,Jupiter,planet,Sun,1898.125,69911.0,1.3262,24.79,2.5278764919722843,60.2,5.202887,0.0369412181736708,43.27109171263557,0.0,,1,0,0,0,0,0,0,7,87.5,historical_mission_outcome,NASA/ESA/ISRO official mission page,https://science.nasa.gov/mission/pioneer-11/,NASA/ESA/ISRO official mission page,JPL SSD planetary/satellite physical parameters,2026-10-04T15:48:29Z,documented,1 = documented successful/completed mission phase; 0 = documented unsuccessful mission; blank = active/incomplete or no final outcome,Derived from sourced values; solar flux assumes inverse-square scaling from heliocentric semimajor-axis proxy; light time uses JPL au/c constant.,8.792745188174479,5.643205765124286,14.435950953298764,997.5030724335468,0.0369412181736708,122.09644038930092,very_cold,43.27109171263557,86.54218342527115,5.379803395889187,0.0,72.7,idealized_two_body_earth_to_target_orbit_proxy,idealized_blackbody_proxy,solar_flux_proxy_not_radiation_dose,258.5,,,,Atlas-Centaur,,,mission-catalogue provenance from V2,spacecraft mass; source-specific definition,242.0,,86.54218342527115,0.0369412181736708,,0,0.7217975476649382,0.02884739447509038,1.0,0.7162443936820493,38.3,transparent heuristic screening index; NOT ML probability,requires separately curated future-feasibility label,V2 mission catalogue + V3 target physics + V4 analytical physics + official mission enrichments where available
VORNIS-M0003,Mariner 2,NASA,Venus,Venus,1,Flyby,flyby,1962-08-27,1962.0,1962-12-14,109.0,0.298425735797399,203.6,,,,spacecraft mass where explicitly documented,Atlas Agena B,,Completed,Completed successfully,1.0,1.0,Venus,planet,Sun,4.86731,6051.8,5.243,8.87,0.9044882809114224,10.36,0.723332,1.9112814414863863,6.015768805027692,1.0,,1,0,0,0,0,0,0,7,87.5,historical_mission_outcome,NASA/ESA/ISRO official mission page,https://science.nasa.gov/mission/mariner-2/,NASA/ESA/ISRO official mission page,JPL SSD planetary/satellite physical parameters,2026-10-04T15:48:29Z,documented,1 = documented successful/completed mission phase; 0 = documented unsuccessful mission; blank = active/incomplete or no final outcome,Derived from sourced values; solar flux assumes inverse-square scaling from heliocentric semimajor-axis proxy; light time uses JPL au/c constant.,2.495387039515929,2.706563446909321,5.20195048642525,146.07532668820045,1.9112814414863863,327.4585694527562,earth_like,6.015768805027692,12.031537610055384,0.9258266309204648,1.0,72.7,idealized_two_body_earth_to_target_orbit_proxy,idealized_blackbody_proxy,solar_flux_proxy_not_radiation_dose,203.6,,,,Atlas Agena B,,,mission-catalogue provenance from V2,spacecraft mass; source-specific definition,109.0,,12.031537610055384,1.9112814414863863,,0,0.26009752432126254,0.004010512536685128,0.17266666666666666,0.14066232141469456,85.6,transparent heuristic screening index; NOT ML probability,requires separately curated future-feasibility label,V2 mission catalogue + V3 target physics + V4 analytical physics + official mission enrichments where available
VORNIS-M0004,Mariner 10,NASA,Mercury; Venus,Venus,2,Flyby,flyby,1973-11-03,1973.0,1974-03-29,146.0,0.3997262149212868,502.9,,,,spacecraft mass where explicitly documented,Atlas Centaur,,Completed,Completed successfully,1.0,1.0,Venus,planet,Sun,4.86731,6051.8,5.243,8.87,0.9044882809114224,10.36,0.723332,1.9112814414863863,6.015768805027692,1.0,,1,0,0,0,0,0,0,7,87.5,historical_mission_outcome,NASA/ESA/ISRO official mission page,https://science.nasa.gov/mission/mariner-10/,NASA/ESA/ISRO official mission page,JPL SSD planetary/satellite physical parameters,2026-10-04T15:48:29Z,documented,1 = documented successful/completed mission phase; 0 = documented unsuccessful mission; blank = active/incomplete or no final outcome,Derived from sourced values; solar flux assumes inverse-square scaling from heliocentric semimajor-axis proxy; light time uses JPL au/c constant.,2.495387039515929,2.706563446909321,5.20195048642525,146.07532668820045,1.9112814414863863,327.4585694527562,earth_like,6.015768805027692,12.031537610055384,0.9258266309204648,1.0,72.7,idealized_two_body_earth_to_target_orbit_proxy,idealized_blackbody_proxy,solar_flux_proxy_not_radiation_dose,502.9,,,,Atlas Centaur,,,mission-catalogue provenance from V2,spacecraft mass; source-specific definition,146.0,,12.031537610055384,1.9112814414863863,1.0,0,0.26009752432126254,0.004010512536685128,0.17266666666666666,0.14066232141469456,85.6,transparent heuristic screening index; NOT ML probability,requires separately curated future-feasibility label,V2 mission catalogue + V3 target physics + V4 analytical physics + official mission enrichments where available
VORNIS-M0005,Magellan,NASA,Venus,Venus,1,Orbiter,orbiter,1989-05-04,1989.0,1990-08-10,463.0,1.267624914442163,3445.0,,,,spacecraft mass where explicitly documented,Space Shuttle Atlantis (STS-30R),,Completed,Completed successfully,1.0,1.0,Venus,planet,Sun,4.86731,6051.8,5.243,8.87,0.9044882809114224,10.36,0.723332,1.9112814414863863,6.015768805027692,1.0,,0,1,0,0,0,0,0,7,87.5,historical_mission_outcome,NASA/ESA/ISRO official mission page,https://science.nasa.gov/mission/magellan/,NASA/ESA/ISRO official mission page,JPL SSD planetary/satellite physical parameters,2026-10-04T15:48:29Z,documented,1 = documented successful/completed mission phase; 0 = documented unsuccessful mission; blank = active/incomplete or no final outcome,Derived from sourced values; solar flux assumes inverse-square scaling from heliocentric semimajor-axis proxy; light time uses JPL au/c constant.,2.495387039515929,2.706563446909321,5.20195048642525,146.07532668820045,1.9112814414863863,327.4585694527562,earth_like,6.015768805027692,12.031537610055384,0.9258266309204648,1.0,72.7,idealized_two_body_earth_to_target_orbit_proxy,idealized_blackbody_proxy,solar_flux_proxy_not_radiation_dose,3445.0,,,,Space Shuttle Atlantis (STS-30R),,,mission-catalogue provenance from V2,spacecraft mass; source-specific definition,463.0,,12.031537610055384,1.9112814414863863,,0,0.26009752432126254,0.004010512536685128,0.17266666666666666,0.14066232141469456,85.6,transparent heuristic screening index; NOT ML probability,requires separately curated future-feasibility label,V2 mission catalogue + V3 target physics + V4 analytical physics + official mission enrichments where available
VORNIS-M0006,MESSENGER,NASA,Mercury,Mercury,1,Orbiter,orbiter,2004-08-03,2004.0,2011-03-18,2418.0,6.620123203285421,1107.9,,,,spacecraft mass where explicitly documented,Delta II 7925H,Hydrazine bipropellant + main propulsion,Completed,Completed successfully,1.0,1.0,Mercury,planet,Sun,0.330103,2439.4,5.4289,3.7,0.3772949988018335,4.25,0.387098,6.673568845108171,3.2193958968891323,1.0,,0,1,0,0,0,0,0,8,100.0,historical_mission_outcome,NASA/ESA/ISRO official mission page,https://science.nasa.gov/mission/messenger/,NASA/ESA/ISRO official mission page,JPL SSD planetary/satellite physical parameters,2026-10-04T15:48:29Z,documented,1 = documented successful/completed mission phase; 0 = documented unsuccessful mission; blank = active/incomplete or no final outcome,Derived from sourced values; solar flux assumes inverse-square scaling from heliocentric semimajor-axis proxy; light time uses JPL au/c constant.,7.5328994161657725,9.611496500571036,17.14439591673681,105.48340880494268,6.673568845108171,447.62541408307845,hot,3.2193958968891323,6.438791793778265,0.3798033958891867,1.0,81.8,idealized_two_body_earth_to_target_orbit_proxy,idealized_blackbody_proxy,solar_flux_proxy_not_radiation_dose,1107.9,,,,Delta II 7925H,Hydrazine bipropellant + main propulsion,,mission-catalogue provenance from V2,spacecraft mass; source-specific definition,2418.0,,6.438791793778265,6.673568845108171,1.0,0,0.8572197958368404,0.0021462639312594214,0.07083333333333333,0.412179072522966,66.4,transparent heuristic screening index; NOT ML probability,requires separately curated future-feasibility label,V2 mission catalogue + V3 target physics + V4 analytical physics + official mission enrichments where available
VORNIS-M0007,Viking 1,NASA,Mars,Mars,1,Orbiter + Lander,orbiter_lander,1975-08-20,1975.0,1976-06-19,304.0,0.8323066392881588,3527.0,,,,spacecraft mass where explicitly documented,Titan IIIE-Centaur,Bipropellant / hydrazine,Completed,Completed successfully,1.0,1.0,Mars,planet,Sun,0.641691,3389.5,3.934,3.71,0.3783147150148114,5.03,1.523679,0.4307378501176276,12.672051833840875,1.0,,0,1,1,0,0,0,1,8,100.0,historical_mission_outcome,NASA/ESA/ISRO official mission page,https://science.nasa.gov/mission/viking-1/,NASA/ESA/ISRO official mission page,JPL SSD planetary/satellite physical parameters,2026-10-04T15:48:29Z,documented,1 = documented successful/completed mission phase; 0 = documented unsuccessful mission; blank = active/incomplete or no final outcome,Derived from sourced values; solar flux assumes inverse-square scaling from heliocentric semimajor-axis proxy; light time uses JPL au/c constant.,2.944689256382638,2.6488952292183257,5.593584485600964,258.8657588951053,0.4307378501176276,225.6204486710327,earth_like,12.672051833840875,25.344103667681757,0.449508489722967,1.0,81.8,idealized_two_body_earth_to_target_orbit_proxy,idealized_blackbody_proxy,solar_flux_proxy_not_radiation_dose,3527.0,,,,Titan IIIE-Centaur,Bipropellant / hydrazine,,mission-catalogue provenance from V2,spacecraft mass; source-specific definition,304.0,,25.344103667681757,0.4307378501176276,,1,0.2796792242800482,0.008448034555893916,0.08383333333333334,0.18289348195597238,86.1,transparent heuristic screening index; NOT ML probability,requires separately curated future-feasibility label,V2 mission catalogue + V3 target physics + V4 analytical physics + official mission enrichments where available
VORNIS-M0008,Viking 2,NASA,Mars,Mars,1,Orbiter + Lander,orbiter_lander,1975-09-09,1975.0,1976-08-07,333.0,0.9117043121149896,,,,,spacecraft mass where explicitly documented,Titan IIIE-Centaur,,Completed,Completed successfully,1.0,1.0,Mars,planet,Sun,0.641691,3389.5,3.934,3.71,0.3783147150148114,5.03,1.523679,0.4307378501176276,12.672051833840875,1.0,,0,1,1,0,0,0,1,6,75.0,historical_mission_outcome,NASA/ESA/ISRO official mission page,https://science.nasa.gov/mission/viking/,NASA/ESA/ISRO official mission page,JPL SSD planetary/satellite physical parameters,2026-10-04T15:48:29Z,documented,1 = documented successful/completed mission phase; 0 = documented unsuccessful mission; blank = active/incomplete or no final outcome,Derived from sourced values; solar flux assumes inverse-square scaling from heliocentric semimajor-axis proxy; light time uses JPL au/c constant.,2.944689256382638,2.6488952292183257,5.593584485600964,258.8657588951053,0.4307378501176276,225.6204486710327,earth_like,12.672051833840875,25.344103667681757,0.449508489722967,1.0,63.6,idealized_two_body_earth_to_target_orbit_proxy,idealized_blackbody_proxy,solar_flux_proxy_not_radiation_dose,,,,,Titan IIIE-Centaur,,,mission-catalogue provenance from V2,,333.0,,25.344103667681757,0.4307378501176276,,1,0.2796792242800482,0.008448034555893916,0.08383333333333334,0.18289348195597238,86.1,transparent heuristic screening index; NOT ML probability,requires separately curated future-feasibility label,V2 mission catalogue + V3 target physics + V4 analytical physics + official mission enrichments where available
VORNIS-M0009,Mars Pathfinder,NASA,Mars,Mars,1,Lander + Rover,lander_rover,1996-12-04,1996.0,1997-07-04,212.0,0.5804243668720055,,10.6,10.6,,component mass reported separately,Delta II 7925,,Completed,Completed successfully,1.0,1.0,Mars,planet,Sun,0.641691,3389.5,3.934,3.71,0.3783147150148114,5.03,1.523679,0.4307378501176276,12.672051833840875,1.0,,0,0,1,1,0,0,1,6,75.0,historical_mission_outcome,NASA/ESA/ISRO official mission page,https://science.nasa.gov/mission/mars-pathfinder/,NASA/ESA/ISRO official mission page,JPL SSD planetary/satellite physical parameters,2026-10-04T15:48:29Z,documented,1 = documented successful/completed mission phase; 0 = documented unsuccessful mission; blank = active/incomplete or no final outcome,Derived from sourced values; solar flux assumes inverse-square scaling from heliocentric semimajor-axis proxy; light time uses JPL au/c constant.,2.944689256382638,2.6488952292183257,5.593584485600964,258.8657588951053,0.4307378501176276,225.6204486710327,earth_like,12.672051833840875,25.344103667681757,0.449508489722967,1.0,72.7,idealized_two_body_earth_to_target_orbit_proxy,idealized_blackbody_proxy,solar_flux_proxy_not_radiation_dose,,,,10.6,Delta II 7925,,,mission-catalogue provenance from V2,,212.0,,25.344103667681757,0.4307378501176276,,1,0.2796792242800482,0.008448034555893916,0.08383333333333334,0.18289348195597238,86.1,transparent heuristic screening index; NOT ML probability,requires separately curated future-feasibility label,V2 mission catalogue + V3 target physics + V4 analytical physics + official mission enrichments where available
VORNIS-M0010,Spirit,NASA,Mars,Mars,1,Rover,rover,2003-06-10,2003.0,2004-01-04,208.0,0.5694729637234771,1062.0,185.0,185.0,,spacecraft mass where explicitly documented,Delta II 7925-9.5,,Completed,Completed successfully,1.0,1.0,Mars,planet,Sun,0.641691,3389.5,3.934,3.71,0.3783147150148114,5.03,1.523679,0.4307378501176276,12.672051833840875,1.0,5.7405405405405405,0,0,0,1,0,0,1,7,87.5,historical_mission_outcome,NASA/ESA/ISRO official mission page,https://science.nasa.gov/mission/mer-spirit/,NASA/ESA/ISRO official mission page,JPL SSD planetary/satellite physical parameters,2026-10-04T15:48:29Z,documented,1 = documented successful/completed mission phase; 0 = documented unsuccessful mission; blank = active/incomplete or no final outcome,Derived from sourced values; solar flux assumes inverse-square scaling from heliocentric semimajor-axis proxy; light time uses JPL au/c constant.,2.944689256382638,2.6488952292183257,5.593584485600964,258.8657588951053,0.4307378501176276,225.6204486710327,earth_like,12.672051833840875,25.344103667681757,0.449508489722967,1.0,81.8,idealized_two_body_earth_to_target_orbit_proxy,idealized_blackbody_proxy,solar_flux_proxy_not_radiation_dose,1062.0,,,185.0,Delta II 7925-9.5,,,mission-catalogue provenance from V2,spacecraft mass; source-specific definition,208.0,,25.344103667681757,0.4307378501176276,,1,0.2796792242800482,0.008448034555893916,0.08383333333333334,0.18289348195597238,86.1,transparent heuristic screening index; NOT ML probability,requires separately curated future-feasibility label,V2 mission catalogue + V3 target physics + V4 analytical physics + official mission enrichments where available
VORNIS-M0011,Opportunity,NASA,Mars,Mars,1,Rover,rover,2003-07-07,2003.0,2004-01-25,202.0,0.5530458590006845,1062.0,185.0,185.0,,spacecraft mass where explicitly documented,Delta II 7925H,,Completed,Completed successfully,1.0,1.0,Mars,planet,Sun,0.641691,3389.5,3.934,3.71,0.3783147150148114,5.03,1.523679,0.4307378501176276,12.672051833840875,1.0,5.7405405405405405,0,0,0,1,0,0,1,7,87.5,historical_mission_outcome,NASA/ESA/ISRO official mission page,https://science.nasa.gov/mission/mer-opportunity/,NASA/ESA/ISRO official mission page,JPL SSD planetary/satellite physical parameters,2026-10-04T15:48:29Z,documented,1 = documented successful/completed mission phase; 0 = documented unsuccessful mission; blank = active/incomplete or no final outcome,Derived from sourced values; solar flux assumes inverse-square scaling from heliocentric semimajor-axis proxy; light time uses JPL au/c constant.,2.944689256382638,2.6488952292183257,5.593584485600964,258.8657588951053,0.4307378501176276,225.6204486710327,earth_like,12.672051833840875,25.344103667681757,0.449508489722967,1.0,81.8,idealized_two_body_earth_to_target_orbit_proxy,idealized_blackbody_proxy,solar_flux_proxy_not_radiation_dose,1062.0,,,185.0,Delta II 7925H,,,mission-catalogue provenance from V2,spacecraft mass; source-specific definition,202.0,,25.344103667681757,0.4307378501176276,,1,0.2796792242800482,0.008448034555893916,0.08383333333333334,0.18289348195597238,86.1,transparent heuristic screening index; NOT ML probability,requires separately curated future-feasibility label,V2 mission catalogue + V3 target physics + V4 analytical physics + official mission enrichments where available
VORNIS-M0012,Curiosity,NASA,Mars,Mars,1,Rover,rover,2011-11-26,2011.0,2012-08-06,254.0,0.6954140999315537,,,75.0,3893.0,launch payload mass to Mars reported; spacecraft-only mass left blank,Atlas V 541,MMH/MON-25 hydrazine-family propulsion,Completed,Completed successfully,1.0,1.0,Mars,planet,Sun,0.641691,3389.5,3.934,3.71,0.3783147150148114,5.03,1.523679,0.4307378501176276,12.672051833840875,1.0,,0,0,0,1,0,0,1,7,87.5,historical_mission_outcome,NASA/ESA/ISRO official mission page,https://science.nasa.gov/learn/basics-of-space-flight/chapter14-1/,NASA/ESA/ISRO official mission page,JPL SSD planetary/satellite physical parameters,2026-10-04T15:48:29Z,documented,1 = documented successful/completed mission phase; 0 = documented unsuccessful mission; blank = active/incomplete or no final outcome,Derived from sourced values; solar flux assumes inverse-square scaling from heliocentric semimajor-axis proxy; light time uses JPL au/c constant.,2.944689256382638,2.6488952292183257,5.593584485600964,258.8657588951053,0.4307378501176276,225.6204486710327,earth_like,12.672051833840875,25.344103667681757,0.449508489722967,1.0,90.9,idealized_two_body_earth_to_target_orbit_proxy,idealized_blackbody_proxy,solar_flux_proxy_not_radiation_dose,,,,75.0,Atlas V 541,MMH/MON-25 hydrazine-family propulsion,,mission-catalogue provenance from V2,,254.0,,25.344103667681757,0.4307378501176276,,1,0.2796792242800482,0.008448034555893916,0.08383333333333334,0.18289348195597238,86.1,transparent heuristic screening index; NOT ML probability,requires separately curated future-feasibility label,V2 mission catalogue + V3 target physics + V4 analytical physics + official mission enrichments where available
VORNIS-M0013,InSight,NASA,Mars,Mars,1,Lander,lander,2018-05-05,2018.0,2018-11-26,205.0,0.5612594113620808,694.0,358.0,50.0,,spacecraft mass where explicitly documented,Atlas V-401,,Completed,Completed successfully,1.0,1.0,Mars,planet,Sun,0.641691,3389.5,3.934,3.71,0.3783147150148114,5.03,1.523679,0.4307378501176276,12.672051833840875,1.0,13.88,0,0,1,0,0,0,1,7,87.5,historical_mission_outcome,NASA/ESA/ISRO official mission page,https://www.jpl.nasa.gov/news/press_kits/insight/launch/facts/,NASA/ESA/ISRO official mission page,JPL SSD planetary/satellite physical parameters,2026-10-04T15:48:29Z,documented,1 = documented successful/completed mission phase; 0 = documented unsuccessful mission; blank = active/incomplete or no final outcome,Derived from sourced values; solar flux assumes inverse-square scaling from heliocentric semimajor-axis proxy; light time uses JPL au/c constant.,2.944689256382638,2.6488952292183257,5.593584485600964,258.8657588951053,0.4307378501176276,225.6204486710327,earth_like,12.672051833840875,25.344103667681757,0.449508489722967,1.0,81.8,idealized_two_body_earth_to_target_orbit_proxy,idealized_blackbody_proxy,solar_flux_proxy_not_radiation_dose,694.0,,,50.0,Atlas V 401,hydrazine chemical propulsion,,official mission page/factsheet,spacecraft mass; source-specific definition,205.0,,25.344103667681757,0.4307378501176276,,1,0.2796792242800482,0.008448034555893916,0.08383333333333334,0.18289348195597238,86.1,transparent heuristic screening index; NOT ML probability,requires separately curated future-feasibility label,V2 mission catalogue + V3 target physics + V4 analytical physics + official mission enrichments where available
VORNIS-M0014,Perseverance,NASA,Mars,Mars,1,Rover,rover,2020-07-30,2020.0,2021-02-18,203.0,0.5557837097878165,,1025.0,59.0,,component mass reported separately,Atlas V-541,,Active/Operating,Active mission; landed successfully and operating,,,Mars,planet,Sun,0.641691,3389.5,3.934,3.71,0.3783147150148114,5.03,1.523679,0.4307378501176276,12.672051833840875,1.0,,0,0,0,1,0,0,1,6,75.0,unlabeled,NASA/ESA/ISRO official mission page,https://www.jpl.nasa.gov/news/press_kits/mars_2020/launch/quick_facts/,NASA/ESA/ISRO official mission page,JPL SSD planetary/satellite physical parameters,2026-10-04T15:48:29Z,documented,1 = documented successful/completed mission phase; 0 = documented unsuccessful mission; blank = active/incomplete or no final outcome,Derived from sourced values; solar flux assumes inverse-square scaling from heliocentric semimajor-axis proxy; light time uses JPL au/c constant.,2.944689256382638,2.6488952292183257,5.593584485600964,258.8657588951053,0.4307378501176276,225.6204486710327,earth_like,12.672051833840875,25.344103667681757,0.449508489722967,1.0,72.7,idealized_two_body_earth_to_target_orbit_proxy,idealized_blackbody_proxy,solar_flux_proxy_not_radiation_dose,,,,59.0,Atlas V-541,,,mission-catalogue provenance from V2,,203.0,,25.344103667681757,0.4307378501176276,,1,0.2796792242800482,0.008448034555893916,0.08383333333333334,0.18289348195597238,86.1,transparent heuristic screening index; NOT ML probability,requires separately curated future-feasibility label,V2 mission catalogue + V3 target physics + V4 analytical physics + official mission enrichments where available
VORNIS-M0015,Mars Climate Orbiter,NASA,Mars,Mars,1,Orbiter,orbiter,1998-12-11,1998.0,1999-09-23,286.0,0.783025325119781,,,,,spacecraft mass where explicitly documented,Delta II,,Unsuccessful,Lost on arrival; navigation/unit-conversion error,0.0,0.0,Mars,planet,Sun,0.641691,3389.5,3.934,3.71,0.3783147150148114,5.03,1.523679,0.4307378501176276,12.672051833840875,1.0,,0,1,0,0,0,0,0,6,75.0,historical_mission_outcome,NASA/ESA/ISRO official mission page,https://science.nasa.gov/mission/mars-climate-orbiter/,NASA/ESA/ISRO official mission page,JPL SSD planetary/satellite physical parameters,2026-10-04T15:48:29Z,documented,1 = documented successful/completed mission phase; 0 = documented unsuccessful mission; blank = active/incomplete or no final outcome,Derived from sourced values; solar flux assumes inverse-square scaling from heliocentric semimajor-axis proxy; light time uses JPL au/c constant.,2.944689256382638,2.6488952292183257,5.593584485600964,258.8657588951053,0.4307378501176276,225.6204486710327,earth_like,12.672051833840875,25.344103667681757,0.449508489722967,1.0,63.6,idealized_two_body_earth_to_target_orbit_proxy,idealized_blackbody_proxy,solar_flux_proxy_not_radiation_dose,,,,,Delta II,,,mission-catalogue provenance from V2,,286.0,,25.344103667681757,0.4307378501176276,,0,0.2796792242800482,0.008448034555893916,0.08383333333333334,0.18289348195597238,86.1,transparent heuristic screening index; NOT ML probability,requires separately curated future-feasibility label,V2 mission catalogue + V3 target physics + V4 analytical physics + official mission enrichments where available
VORNIS-M0016,Mars Polar Lander,NASA,Mars,Mars,1,Lander + Penetrators,lander + penetrators,1999-01-03,1999.0,1999-12-03,334.0,0.914442162902122,,,,,spacecraft mass where explicitly documented,Delta II,,Unsuccessful,Lost on arrival during landing attempt,0.0,0.0,Mars,planet,Sun,0.641691,3389.5,3.934,3.71,0.3783147150148114,5.03,1.523679,0.4307378501176276,12.672051833840875,1.0,,0,0,1,0,0,0,1,6,75.0,historical_mission_outcome,NASA/ESA/ISRO official mission page,https://science.nasa.gov/mission/mars-polar-lander-deep-space-2/,NASA/ESA/ISRO official mission page,JPL SSD planetary/satellite physical parameters,2026-10-04T15:48:29Z,documented,1 = documented successful/completed mission phase; 0 = documented unsuccessful mission; blank = active/incomplete or no final outcome,Derived from sourced values; solar flux assumes inverse-square scaling from heliocentric semimajor-axis proxy; light time uses JPL au/c constant.,2.944689256382638,2.6488952292183257,5.593584485600964,258.8657588951053,0.4307378501176276,225.6204486710327,earth_like,12.672051833840875,25.344103667681757,0.449508489722967,1.0,63.6,idealized_two_body_earth_to_target_orbit_proxy,idealized_blackbody_proxy,solar_flux_proxy_not_radiation_dose,,,,,Delta II,,,mission-catalogue provenance from V2,,334.0,,25.344103667681757,0.4307378501176276,,1,0.2796792242800482,0.008448034555893916,0.08383333333333334,0.18289348195597238,86.1,transparent heuristic screening index; NOT ML probability,requires separately curated future-feasibility label,V2 mission catalogue + V3 target physics + V4 analytical physics + official mission enrichments where available
VORNIS-M0017,Juno,NASA,Jupiter,Jupiter,1,Orbiter,orbiter,2011-08-05,2011.0,2016-07-04,1795.0,4.914442162902122,,,,,spacecraft mass where explicitly documented,Atlas V,Hydrazine + bipropellant main engine,Active/Extended,Active/extended mission; successful Jupiter orbit,,,Jupiter,planet,Sun,1898.125,69911.0,1.3262,24.79,2.5278764919722843,60.2,5.202887,0.0369412181736708,43.27109171263557,0.0,,0,1,0,0,0,0,0,7,87.5,unlabeled,NASA/ESA/ISRO official mission page,https://science.nasa.gov/mission/juno/,NASA/ESA/ISRO official mission page,JPL SSD planetary/satellite physical parameters,2026-10-04T15:48:29Z,documented,1 = documented successful/completed mission phase; 0 = documented unsuccessful mission; blank = active/incomplete or no final outcome,Derived from sourced values; solar flux assumes inverse-square scaling from heliocentric semimajor-axis proxy; light time uses JPL au/c constant.,8.792745188174479,5.643205765124286,14.435950953298764,997.5030724335468,0.0369412181736708,122.09644038930092,very_cold,43.27109171263557,86.54218342527115,5.379803395889187,0.0,72.7,idealized_two_body_earth_to_target_orbit_proxy,idealized_blackbody_proxy,solar_flux_proxy_not_radiation_dose,,,,,Atlas V,Hydrazine + bipropellant main engine,,mission-catalogue provenance from V2,,1795.0,,86.54218342527115,0.0369412181736708,,0,0.7217975476649382,0.02884739447509038,1.0,0.7162443936820493,38.3,transparent heuristic screening index; NOT ML probability,requires separately curated future-feasibility label,V2 mission catalogue + V3 target physics + V4 analytical physics + official mission enrichments where available
VORNIS-M0018,Galileo Jupiter Atmospheric Probe,NASA,Jupiter,Jupiter,1,Atmospheric Probe,atmospheric_probe,1989-10-18,1989.0,1995-12-07,2241.0,6.135523613963039,337.0,,,,spacecraft mass where explicitly documented,Space Shuttle Atlantis STS-34R,,Completed,Completed successfully,1.0,1.0,Jupiter,planet,Sun,1898.125,69911.0,1.3262,24.79,2.5278764919722843,60.2,5.202887,0.0369412181736708,43.27109171263557,0.0,,0,0,0,0,0,0,0,7,87.5,historical_mission_outcome,NASA/ESA/ISRO official mission page,https://science.nasa.gov/mission/galileo-jupiter-atmospheric-probe/,NASA/ESA/ISRO official mission page,JPL SSD planetary/satellite physical parameters,2026-10-04T15:48:29Z,documented,1 = documented successful/completed mission phase; 0 = documented unsuccessful mission; blank = active/incomplete or no final outcome,Derived from sourced values; solar flux assumes inverse-square scaling from heliocentric semimajor-axis proxy; light time uses JPL au/c constant.,8.792745188174479,5.643205765124286,14.435950953298764,997.5030724335468,0.0369412181736708,122.09644038930092,very_cold,43.27109171263557,86.54218342527115,5.379803395889187,0.0,72.7,idealized_two_body_earth_to_target_orbit_proxy,idealized_blackbody_proxy,solar_flux_proxy_not_radiation_dose,337.0,,,,Space Shuttle Atlantis STS-34R,,,mission-catalogue provenance from V2,spacecraft mass; source-specific definition,2241.0,,86.54218342527115,0.0369412181736708,,0,0.7217975476649382,0.02884739447509038,1.0,0.7162443936820493,38.3,transparent heuristic screening index; NOT ML probability,requires separately curated future-feasibility label,V2 mission catalogue + V3 target physics + V4 analytical physics + official mission enrichments where available
VORNIS-M0019,Cassini-Huygens,NASA/ESA/ASI,Saturn,Saturn,1,Orbiter + Probe,orbiter_probe,1997-10-15,1997.0,2004-07-01,2451.0,6.71047227926078,5712.0,,,,spacecraft mass where explicitly documented,Titan IVB/Centaur,,Completed,Completed successfully,1.0,1.0,Saturn,planet,Sun,568.317,58232.0,0.6871,10.44,1.064583726348957,36.09,9.536676,0.01099527114918,79.31411576489948,0.0,,0,1,0,0,0,0,0,7,87.5,historical_mission_outcome,NASA/ESA/ISRO official mission page,https://science.nasa.gov/mission/cassini/quick-facts/,NASA/ESA/ISRO official mission page,JPL SSD planetary/satellite physical parameters,2026-10-04T15:48:29Z,documented,1 = documented successful/completed mission phase; 0 = documented unsuccessful mission; blank = active/incomplete or no final outcome,Derived from sourced values; solar flux assumes inverse-square scaling from heliocentric semimajor-axis proxy; light time uses JPL au/c constant.,10.28858070319584,5.442813664597764,15.731394367793603,2208.4057866015773,0.01099527114918,90.1834167899843,very_cold,79.31411576489948,158.62823152979897,3.22520107238606,0.0,72.7,idealized_two_body_earth_to_target_orbit_proxy,idealized_blackbody_proxy,solar_flux_proxy_not_radiation_dose,5712.0,,,,Titan IVB/Centaur,,,mission-catalogue provenance from V2,spacecraft mass; source-specific definition,2451.0,,158.62823152979897,0.01099527114918,1.0,0,0.7865697183896802,0.05287607717659966,0.6015,0.9793970281201884,39.5,transparent heuristic screening index; NOT ML probability,requires separately curated future-feasibility label,V2 mission catalogue + V3 target physics + V4 analytical physics + official mission enrichments where available
VORNIS-M0020,Huygens,ESA,Titan,Titan,1,Atmospheric Probe/Lander,lander,1997-10-15,1997.0,2005-01-14,2648.0,7.2498288843258045,,318.0,,,component mass reported separately,Titan IVB/Centaur (carried by Cassini),,Completed,Completed successfully,1.0,1.0,Titan,moon,Saturn,0.13452,2574.76,1.8814,1.352,0.1378656319946159,2.639,9.536676,0.01099527114918,79.31411576489948,1.0,,0,0,1,0,0,0,1,6,75.0,historical_mission_outcome,NASA/ESA/ISRO official mission page,https://science.nasa.gov/mission/cassini-huygens/,NASA/ESA/ISRO official mission page,JPL SSD planetary/satellite physical parameters,2026-10-04T15:48:29Z,documented,1 = documented successful/completed mission phase; 0 = documented unsuccessful mission; blank = active/incomplete or no final outcome,Derived from sourced values; solar flux assumes inverse-square scaling from heliocentric semimajor-axis proxy; light time uses JPL au/c constant.,10.28858070319584,5.442813664597764,15.731394367793603,2208.4057866015773,0.01099527114918,90.1834167899843,very_cold,79.31411576489948,158.62823152979897,0.2358355674709562,1.0,63.6,idealized_two_body_earth_to_target_orbit_proxy,idealized_blackbody_proxy,solar_flux_proxy_not_radiation_dose,,,,,Titan IVB/Centaur (carried by Cassini),,,mission-catalogue provenance from V2,,2648.0,,158.62823152979897,0.01099527114918,,1,0.7865697183896802,0.05287607717659966,0.04398333333333333,0.9793970281201884,53.4,transparent heuristic screening index; NOT ML probability,requires separately curated future-feasibility label,V2 mission catalogue + V3 target physics + V4 analytical physics + official mission enrichments where available
VORNIS-M0021,Voyager 1,NASA,Jupiter; Saturn,Jupiter,2,Flyby,flyby,1977-09-05,1977.0,1979-03-05,546.0,1.4948665297741273,721.9,,,,spacecraft mass where explicitly documented,Titan IIIE-Centaur,,Completed planetary phase,Completed successfully,1.0,1.0,Jupiter,planet,Sun,1898.125,69911.0,1.3262,24.79,2.5278764919722843,60.2,5.202887,0.0369412181736708,43.27109171263557,0.0,,1,0,0,0,0,0,0,7,87.5,historical_mission_outcome,NASA/ESA/ISRO official mission page,https://science.nasa.gov/mission/voyager/voyager-1/,NASA/ESA/ISRO official mission page,JPL SSD planetary/satellite physical parameters,2026-10-04T15:48:29Z,documented,1 = documented successful/completed mission phase; 0 = documented unsuccessful mission; blank = active/incomplete or no final outcome,Derived from sourced values; solar flux assumes inverse-square scaling from heliocentric semimajor-axis proxy; light time uses JPL au/c constant.,8.792745188174479,5.643205765124286,14.435950953298764,997.5030724335468,0.0369412181736708,122.09644038930092,very_cold,43.27109171263557,86.54218342527115,5.379803395889187,0.0,72.7,idealized_two_body_earth_to_target_orbit_proxy,idealized_blackbody_proxy,solar_flux_proxy_not_radiation_dose,721.9,,,,Titan IIIE-Centaur,,,mission-catalogue provenance from V2,spacecraft mass; source-specific definition,546.0,,86.54218342527115,0.0369412181736708,1.0,0,0.7217975476649382,0.02884739447509038,1.0,0.7162443936820493,38.3,transparent heuristic screening index; NOT ML probability,requires separately curated future-feasibility label,V2 mission catalogue + V3 target physics + V4 analytical physics + official mission enrichments where available
VORNIS-M0022,Voyager 2,NASA,Jupiter; Saturn; Uranus; Neptune,Jupiter,4,Flyby,flyby,1977-08-20,1977.0,1979-07-09,688.0,1.8836413415468856,721.9,,,,spacecraft mass where explicitly documented,Titan IIIE-Centaur,,Completed planetary phase,Completed successfully,1.0,1.0,Jupiter,planet,Sun,1898.125,69911.0,1.3262,24.79,2.5278764919722843,60.2,5.202887,0.0369412181736708,43.27109171263557,0.0,,1,0,0,0,0,0,0,7,87.5,historical_mission_outcome,NASA/ESA/ISRO official mission page,https://science.nasa.gov/mission/voyager/voyager-2/,NASA/ESA/ISRO official mission page,JPL SSD planetary/satellite physical parameters,2026-10-04T15:48:29Z,documented,1 = documented successful/completed mission phase; 0 = documented unsuccessful mission; blank = active/incomplete or no final outcome,Derived from sourced values; solar flux assumes inverse-square scaling from heliocentric semimajor-axis proxy; light time uses JPL au/c constant.,8.792745188174479,5.643205765124286,14.435950953298764,997.5030724335468,0.0369412181736708,122.09644038930092,very_cold,43.27109171263557,86.54218342527115,5.379803395889187,0.0,72.7,idealized_two_body_earth_to_target_orbit_proxy,idealized_blackbody_proxy,solar_flux_proxy_not_radiation_dose,721.9,,,,Titan IIIE-Centaur,,,mission-catalogue provenance from V2,spacecraft mass; source-specific definition,688.0,,86.54218342527115,0.0369412181736708,1.0,0,0.7217975476649382,0.02884739447509038,1.0,0.7162443936820493,38.3,transparent heuristic screening index; NOT ML probability,requires separately curated future-feasibility label,V2 mission catalogue + V3 target physics + V4 analytical physics + official mission enrichments where available
VORNIS-M0023,New Horizons,NASA,Pluto; Arrokoth,Pluto,2,Flyby,flyby,2006-01-19,2006.0,2015-07-14,3463.0,9.481177275838467,478.0,,,,spacecraft mass where explicitly documented,Atlas V 551,,Completed primary Pluto encounter,Completed successfully,1.0,1.0,Pluto,dwarf_planet,Sun,0.0130246,1188.3,1.853,0.62,0.0632224052046315,1.21,39.482,0.0006415074608305,328.3617812568825,1.0,,1,0,0,0,0,0,0,7,87.5,historical_mission_outcome,NASA/ESA/ISRO official mission page,https://science.nasa.gov/mission/new-horizons/,NASA/ESA/ISRO official mission page,JPL SSD planetary/satellite physical parameters,2026-10-04T15:48:29Z,documented,1 = documented successful/completed mission phase; 0 = documented unsuccessful mission; blank = active/incomplete or no final outcome,Derived from sourced values; solar flux assumes inverse-square scaling from heliocentric semimajor-axis proxy; light time uses JPL au/c constant.,11.813715256746889,3.686561516350041,15.50027677309693,16630.92398458138,0.0006415074608305,44.32264070887855,very_cold,328.3617812568825,656.723562513765,0.1081322609472743,1.0,72.7,idealized_two_body_earth_to_target_orbit_proxy,idealized_blackbody_proxy,solar_flux_proxy_not_radiation_dose,478.0,,,,Atlas V 551,,,mission-catalogue provenance from V2,spacecraft mass; source-specific definition,3463.0,,656.723562513765,0.0006415074608305,1.0,0,0.7750138386548465,0.21890785417125502,0.020166666666666666,1.0,49.6,transparent heuristic screening index; NOT ML probability,requires separately curated future-feasibility label,V2 mission catalogue + V3 target physics + V4 analytical physics + official mission enrichments where available
VORNIS-M0024,Stardust,NASA,Comet Wild 2; Asteroid Annefrank,Wild 2,2,Flyby + Sample Return,sample_return,1999-02-07,1999.0,2004-01-02,1790.0,4.900752908966461,385.0,,,,spacecraft mass where explicitly documented,Delta II 7426-9.5,,Completed,Completed successfully,1.0,1.0,,,,,,,,,,,,,,,0,0,0,0,1,0,0,3,37.5,historical_mission_outcome,NASA/ESA/ISRO official mission page,https://science.nasa.gov/mission/stardust/,NASA/ESA/ISRO official mission page,not_joined,2026-10-04T15:48:29Z,documented,1 = documented successful/completed mission phase; 0 = documented unsuccessful mission; blank = active/incomplete or no final outcome,Derived from sourced values; solar flux assumes inverse-square scaling from heliocentric semimajor-axis proxy; light time uses JPL au/c constant.,,,,,,,,,,,,27.3,not_available,not_available,not_available,385.0,,,,Delta II 7426-9.5,,,mission-catalogue provenance from V2,spacecraft mass; source-specific definition,1790.0,,,,,0,,,,,,transparent heuristic screening index; NOT ML probability,requires separately curated future-feasibility label,V2 mission catalogue + V3 target physics + V4 analytical physics + official mission enrichments where available
VORNIS-M0025,Deep Impact,NASA,Comet Tempel 1,Tempel 1,1,Flyby + Impactor,impactor,2005-01-12,2005.0,2005-07-04,173.0,0.4736481861738535,601.0,372.0,372.0,,flyby spacecraft mass; impactor mass reported separately,Delta II,,Completed,Completed successfully,1.0,1.0,,,,,,,,,,,,,,1.6155913978494625,0,0,0,0,0,1,0,3,37.5,historical_mission_outcome,NASA/ESA/ISRO official mission page,https://science.nasa.gov/mission/deep-impact-epoxi/,NASA/ESA/ISRO official mission page,not_joined,2026-10-04T15:48:29Z,documented,1 = documented successful/completed mission phase; 0 = documented unsuccessful mission; blank = active/incomplete or no final outcome,Derived from sourced values; solar flux assumes inverse-square scaling from heliocentric semimajor-axis proxy; light time uses JPL au/c constant.,,,,,,,,,,,,36.4,not_available,not_available,not_available,601.0,,,372.0,Delta II,,,mission-catalogue provenance from V2,spacecraft mass; source-specific definition,173.0,,,,,0,,,,,,transparent heuristic screening index; NOT ML probability,requires separately curated future-feasibility label,V2 mission catalogue + V3 target physics + V4 analytical physics + official mission enrichments where available
VORNIS-M0026,Dawn,NASA,Vesta; Ceres,Ceres,2,Orbiter,orbiter,2007-09-27,2007.0,2011-07-16,1388.0,3.800136892539357,747.1,,,,spacecraft mass where explicitly documented,Delta II Heavy 2925H-9.5,Ion propulsion (xenon),Completed,Completed successfully,1.0,1.0,Ceres,dwarf_planet,Sun,0.000938416,469.7,2.162,0.27,0.027532337750404,0.51,2.7675,0.1305643890525023,23.0165956544355,1.0,,0,1,0,0,0,0,0,8,100.0,historical_mission_outcome,NASA/ESA/ISRO official mission page,https://science.nasa.gov/mission/dawn/toolkit/quick-facts/,NASA/ESA/ISRO official mission page,JPL SSD planetary/satellite physical parameters,2026-10-04T15:48:29Z,documented,1 = documented successful/completed mission phase; 0 = documented unsuccessful mission; blank = active/incomplete or no final outcome,Derived from sourced values; solar flux assumes inverse-square scaling from heliocentric semimajor-axis proxy; light time uses JPL au/c constant.,6.316812002831867,4.859160968723751,11.175972971555618,472.1753698732895,0.1305643890525023,167.40999550325327,cold,23.0165956544355,46.033191308871,0.0455764075067024,1.0,81.8,idealized_two_body_earth_to_target_orbit_proxy,idealized_blackbody_proxy,solar_flux_proxy_not_radiation_dose,747.1,,,,Delta II Heavy 2925H-9.5,Ion propulsion (xenon),,mission-catalogue provenance from V2,spacecraft mass; source-specific definition,1388.0,,46.033191308871,0.1305643890525023,,0,0.5587986485777809,0.015344397102957,0.0085,0.44208762955076053,74.4,transparent heuristic screening index; NOT ML probability,requires separately curated future-feasibility label,V2 mission catalogue + V3 target physics + V4 analytical physics + official mission enrichments where available
VORNIS-M0027,OSIRIS-REx,NASA,Bennu; Earth; Apophis,Earth,3,Sample Return,sample_return,2016-09-08,2016.0,2018-12-03,816.0,2.2340862422997945,2110.0,,,,spacecraft mass where explicitly documented,Atlas V 411,,Completed Bennu sample return / extended mission,Completed successfully,1.0,1.0,Earth,planet,Sun,5.97217,6371.0084,5.5134,9.8,0.9993218887183698,11.19,1.0000174,0.999965200908259,8.316891108653978,1.0,,0,0,0,0,1,0,0,7,87.5,historical_mission_outcome,NASA/ESA/ISRO official mission page,https://science.nasa.gov/mission/osiris-rex/in-depth/,NASA/ESA/ISRO official mission page,JPL SSD planetary/satellite physical parameters,2026-10-04T15:48:29Z,documented,1 = documented successful/completed mission phase; 0 = documented unsuccessful mission; blank = active/incomplete or no final outcome,Derived from sourced values; solar flux assumes inverse-square scaling from heliocentric semimajor-axis proxy; light time uses JPL au/c constant.,0.0001295620004988,0.0001295614369034,0.0002591234374023,182.63083247006344,0.999965200908259,278.49757708161906,earth_like,8.316891108653978,16.633782217307957,1.0,1.0,72.7,idealized_two_body_earth_to_target_orbit_proxy,idealized_blackbody_proxy,solar_flux_proxy_not_radiation_dose,2110.0,,,,Atlas V 411,,,mission-catalogue provenance from V2,spacecraft mass; source-specific definition,816.0,,16.633782217307957,0.999965200908259,,0,1.2956171870114999e-05,0.005544594072435986,0.1865,7.556658242360181e-06,95.2,transparent heuristic screening index; NOT ML probability,requires separately curated future-feasibility label,V2 mission catalogue + V3 target physics + V4 analytical physics + official mission enrichments where available
VORNIS-M0028,Lucy,NASA,Jupiter Trojan asteroids,Jupiter,1,Asteroid Flybys,flyby,2021-10-16,2021.0,,,,,,,,spacecraft mass where explicitly documented,Atlas V,,Active,Active mission; successful early encounters/operations,,,Jupiter,planet,Sun,1898.125,69911.0,1.3262,24.79,2.5278764919722843,60.2,5.202887,0.0369412181736708,43.27109171263557,0.0,,1,0,0,0,0,0,0,5,62.5,unlabeled,NASA/ESA/ISRO official mission page,https://science.nasa.gov/mission/lucy/,NASA/ESA/ISRO official mission page,JPL SSD planetary/satellite physical parameters,2026-10-04T15:48:29Z,documented,1 = documented successful/completed mission phase; 0 = documented unsuccessful mission; blank = active/incomplete or no final outcome,Derived from sourced values; solar flux assumes inverse-square scaling from heliocentric semimajor-axis proxy; light time uses JPL au/c constant.,8.792745188174479,5.643205765124286,14.435950953298764,997.5030724335468,0.0369412181736708,122.09644038930092,very_cold,43.27109171263557,86.54218342527115,5.379803395889187,0.0,54.5,idealized_two_body_earth_to_target_orbit_proxy,idealized_blackbody_proxy,solar_flux_proxy_not_radiation_dose,,,,,Atlas V,,,mission-catalogue provenance from V2,,,,86.54218342527115,0.0369412181736708,,0,0.7217975476649382,0.02884739447509038,1.0,0.7162443936820493,38.3,transparent heuristic screening index; NOT ML probability,requires separately curated future-feasibility label,V2 mission catalogue + V3 target physics + V4 analytical physics + official mission enrichments where available
VORNIS-M0029,Psyche,NASA,Asteroid Psyche,Psyche,1,Orbiter,orbiter,2023-10-13,2023.0,,,,2747.0,,,,spacecraft mass where explicitly documented,SpaceX Falcon Heavy,Solar electric propulsion + chemical propulsion,Active / cruise,Active mission; in cruise to asteroid Psyche,,,,,,,,,,,,,,,,,0,1,0,0,0,0,0,3,37.5,unlabeled,NASA/ESA/ISRO official mission page,https://science.nasa.gov/mission/psyche/spacecraft/,NASA/ESA/ISRO official mission page,not_joined,2026-10-04T15:48:29Z,documented,1 = documented successful/completed mission phase; 0 = documented unsuccessful mission; blank = active/incomplete or no final outcome,Derived from sourced values; solar flux assumes inverse-square scaling from heliocentric semimajor-axis proxy; light time uses JPL au/c constant.,,,,,,,,,,,,27.3,not_available,not_available,not_available,2747.0,,,,SpaceX Falcon Heavy,Solar electric propulsion + chemical propulsion,,mission-catalogue provenance from V2,spacecraft mass; source-specific definition,,,,,,0,,,,,,transparent heuristic screening index; NOT ML probability,requires separately curated future-feasibility label,V2 mission catalogue + V3 target physics + V4 analytical physics + official mission enrichments where available
VORNIS-M0030,Europa Clipper,NASA,Europa,Europa,1,Orbiter + Flybys,orbiter_flyby,2024-10-14,2024.0,2030-04-01,1995.0,5.462012320328542,6000.0,,,,spacecraft mass where explicitly documented,SpaceX Falcon Heavy,Chemical propulsion,Active / cruise,Active mission; in cruise to Jupiter/Europa,,,Europa,moon,Jupiter,0.048001,1560.8,3.013,1.315,0.1340926820065975,2.025,5.202887,0.0369412181736708,43.27109171263557,1.0,,1,1,0,0,0,0,0,8,100.0,unlabeled,NASA/ESA/ISRO official mission page,https://science.nasa.gov/mission/europa-clipper/,NASA/ESA/ISRO official mission page,JPL SSD planetary/satellite physical parameters,2026-10-04T15:48:29Z,documented,1 = documented successful/completed mission phase; 0 = documented unsuccessful mission; blank = active/incomplete or no final outcome,Derived from sourced values; solar flux assumes inverse-square scaling from heliocentric semimajor-axis proxy; light time uses JPL au/c constant.,8.792745188174479,5.643205765124286,14.435950953298764,997.5030724335468,0.0369412181736708,122.09644038930092,very_cold,43.27109171263557,86.54218342527115,0.1809651474530831,1.0,81.8,idealized_two_body_earth_to_target_orbit_proxy,idealized_blackbody_proxy,solar_flux_proxy_not_radiation_dose,6000.0,,,,SpaceX Falcon Heavy,Chemical propulsion,,mission-catalogue provenance from V2,spacecraft mass; source-specific definition,1995.0,,86.54218342527115,0.0369412181736708,,0,0.7217975476649382,0.02884739447509038,0.033749999999999995,0.7162443936820493,62.5,transparent heuristic screening index; NOT ML probability,requires separately curated future-feasibility label,V2 mission catalogue + V3 target physics + V4 analytical physics + official mission enrichments where available
VORNIS-M0031,BepiColombo,ESA/JAXA,Mercury,Mercury,1,Orbiter,orbiter,2018-10-20,2018.0,2026-11-01,2934.0,8.032854209445585,4100.0,,,,spacecraft mass where explicitly documented,Ariane 5,Electric propulsion + chemical propulsion,Active / cruise,Active mission; in cruise to Mercury,,,Mercury,planet,Sun,0.330103,2439.4,5.4289,3.7,0.3772949988018335,4.25,0.387098,6.673568845108171,3.2193958968891323,1.0,,0,1,0,0,0,0,0,8,100.0,unlabeled,NASA/ESA/ISRO official mission page,https://science.nasa.gov/mission/bepicolombo/,NASA/ESA/ISRO official mission page,JPL SSD planetary/satellite physical parameters,2026-10-04T15:48:29Z,documented,1 = documented successful/completed mission phase; 0 = documented unsuccessful mission; blank = active/incomplete or no final outcome,Derived from sourced values; solar flux assumes inverse-square scaling from heliocentric semimajor-axis proxy; light time uses JPL au/c constant.,7.5328994161657725,9.611496500571036,17.14439591673681,105.48340880494268,6.673568845108171,447.62541408307845,hot,3.2193958968891323,6.438791793778265,0.3798033958891867,1.0,81.8,idealized_two_body_earth_to_target_orbit_proxy,idealized_blackbody_proxy,solar_flux_proxy_not_radiation_dose,4100.0,,1400.0,130.0,Ariane 5,chemical; electric propulsion on Mercury Transfer Module,,official mission page/factsheet,spacecraft mass; source-specific definition,2934.0,,6.438791793778265,6.673568845108171,1.0,0,0.8572197958368404,0.0021462639312594214,0.07083333333333333,0.412179072522966,66.4,transparent heuristic screening index; NOT ML probability,requires separately curated future-feasibility label,V2 mission catalogue + V3 target physics + V4 analytical physics + official mission enrichments where available
VORNIS-M0032,Lunar Reconnaissance Orbiter,NASA,Moon,Moon,1,Orbiter,orbiter,2009-06-18,2009.0,2009-06-23,5.0,0.0136892539356605,1850.0,,,,spacecraft mass where explicitly documented,Atlas V 401,,Active,Active mission,,,Moon,moon,Earth,0.07342,1737.4,3.344,1.62,0.1651940265024244,2.38,1.0000174,0.999965200908259,8.316891108653978,1.0,,0,1,0,0,0,0,0,7,87.5,unlabeled,NASA/ESA/ISRO official mission page,https://science.nasa.gov/mission/lro/about/,NASA/ESA/ISRO official mission page,JPL SSD planetary/satellite physical parameters,2026-10-04T15:48:29Z,documented,1 = documented successful/completed mission phase; 0 = documented unsuccessful mission; blank = active/incomplete or no final outcome,Derived from sourced values; solar flux assumes inverse-square scaling from heliocentric semimajor-axis proxy; light time uses JPL au/c constant.,0.0001295620004988,0.0001295614369034,0.0002591234374023,182.63083247006344,0.999965200908259,278.49757708161906,earth_like,8.316891108653978,16.633782217307957,0.2126899016979446,1.0,72.7,idealized_two_body_earth_to_target_orbit_proxy,idealized_blackbody_proxy,solar_flux_proxy_not_radiation_dose,1850.0,,,,Atlas V 401,,,mission-catalogue provenance from V2,spacecraft mass; source-specific definition,5.0,,16.633782217307957,0.999965200908259,,0,1.2956171870114999e-05,0.005544594072435986,0.03966666666666666,7.556658242360181e-06,98.9,transparent heuristic screening index; NOT ML probability,requires separately curated future-feasibility label,V2 mission catalogue + V3 target physics + V4 analytical physics + official mission enrichments where available
VORNIS-M0033,Chandrayaan-1,ISRO,Moon,Moon,1,Orbiter + Impact Probe,orbiter_probe,2008-10-22,2008.0,2008-11-08,17.0,0.0465434633812457,1380.0,,,,spacecraft mass where explicitly documented,PSLV-XL,,Completed,Completed successfully,1.0,1.0,Moon,moon,Earth,0.07342,1737.4,3.344,1.62,0.1651940265024244,2.38,1.0000174,0.999965200908259,8.316891108653978,1.0,,0,1,0,0,0,0,0,7,87.5,historical_mission_outcome,NASA/ESA/ISRO official mission page,https://science.nasa.gov/mission/chandrayaan-1/,NASA/ESA/ISRO official mission page,JPL SSD planetary/satellite physical parameters,2026-10-04T15:48:29Z,documented,1 = documented successful/completed mission phase; 0 = documented unsuccessful mission; blank = active/incomplete or no final outcome,Derived from sourced values; solar flux assumes inverse-square scaling from heliocentric semimajor-axis proxy; light time uses JPL au/c constant.,0.0001295620004988,0.0001295614369034,0.0002591234374023,182.63083247006344,0.999965200908259,278.49757708161906,earth_like,8.316891108653978,16.633782217307957,0.2126899016979446,1.0,72.7,idealized_two_body_earth_to_target_orbit_proxy,idealized_blackbody_proxy,solar_flux_proxy_not_radiation_dose,1380.0,,,,PSLV-XL,,,mission-catalogue provenance from V2,spacecraft mass; source-specific definition,17.0,,16.633782217307957,0.999965200908259,,0,1.2956171870114999e-05,0.005544594072435986,0.03966666666666666,7.556658242360181e-06,98.9,transparent heuristic screening index; NOT ML probability,requires separately curated future-feasibility label,V2 mission catalogue + V3 target physics + V4 analytical physics + official mission enrichments where available
VORNIS-M0034,Mars Cube One A/B,NASA/JPL,Mars,Mars,1,CubeSat Flyby / Technology Demonstration,flyby,2018-05-05,2018.0,2018-11-26,205.0,0.5612594113620808,13.5,,,,spacecraft mass where explicitly documented,Atlas V-401,,Completed technology demonstration,Technology demonstration completed; Mars relay/flyby operations demonstrated,1.0,1.0,Mars,planet,Sun,0.641691,3389.5,3.934,3.71,0.3783147150148114,5.03,1.523679,0.4307378501176276,12.672051833840875,1.0,,1,0,0,0,0,0,0,7,87.5,historical_mission_outcome,NASA/ESA/ISRO official mission page,https://science.nasa.gov/mission/marco/,NASA/ESA/ISRO official mission page,JPL SSD planetary/satellite physical parameters,2026-10-04T15:48:29Z,documented,1 = documented successful/completed mission phase; 0 = documented unsuccessful mission; blank = active/incomplete or no final outcome,Derived from sourced values; solar flux assumes inverse-square scaling from heliocentric semimajor-axis proxy; light time uses JPL au/c constant.,2.944689256382638,2.6488952292183257,5.593584485600964,258.8657588951053,0.4307378501176276,225.6204486710327,earth_like,12.672051833840875,25.344103667681757,0.449508489722967,1.0,72.7,idealized_two_body_earth_to_target_orbit_proxy,idealized_blackbody_proxy,solar_flux_proxy_not_radiation_dose,13.5,,,,Atlas V-401,,,mission-catalogue provenance from V2,spacecraft mass; source-specific definition,205.0,,25.344103667681757,0.4307378501176276,,0,0.2796792242800482,0.008448034555893916,0.08383333333333334,0.18289348195597238,86.1,transparent heuristic screening index; NOT ML probability,requires separately curated future-feasibility label,V2 mission catalogue + V3 target physics + V4 analytical physics + official mission enrichments where available
VORNIS-M0035,Lunar Trailblazer,NASA,Moon,Moon,1,Orbiter,orbiter,2025-02-26,2025.0,,,,200.0,,,,spacecraft mass where explicitly documented,SpaceX Falcon 9,None specified here,Active / commissioning,Active/commissioning,,,Moon,moon,Earth,0.07342,1737.4,3.344,1.62,0.1651940265024244,2.38,1.0000174,0.999965200908259,8.316891108653978,1.0,,0,1,0,0,0,0,0,7,87.5,unlabeled,NASA/ESA/ISRO official mission page,https://science.nasa.gov/mission/lunar-trailblazer/lunar-trailblazer-mission/,NASA/ESA/ISRO official mission page,JPL SSD planetary/satellite physical parameters,2026-10-04T15:48:29Z,documented,1 = documented successful/completed mission phase; 0 = documented unsuccessful mission; blank = active/incomplete or no final outcome,Derived from sourced values; solar flux assumes inverse-square scaling from heliocentric semimajor-axis proxy; light time uses JPL au/c constant.,0.0001295620004988,0.0001295614369034,0.0002591234374023,182.63083247006344,0.999965200908259,278.49757708161906,earth_like,8.316891108653978,16.633782217307957,0.2126899016979446,1.0,72.7,idealized_two_body_earth_to_target_orbit_proxy,idealized_blackbody_proxy,solar_flux_proxy_not_radiation_dose,200.0,,,,SpaceX Falcon 9,None specified here,,mission-catalogue provenance from V2,spacecraft mass; source-specific definition,,,16.633782217307957,0.999965200908259,,0,1.2956171870114999e-05,0.005544594072435986,0.03966666666666666,7.556658242360181e-06,98.9,transparent heuristic screening index; NOT ML probability,requires separately curated future-feasibility label,V2 mission catalogue + V3 target physics + V4 analytical physics + official mission enrichments where available
VORNIS-M0036,ESCAPADE,NASA,Mars,Mars,1,Orbiter,orbiter,2025-11-13,2025.0,,,,,,,,spacecraft mass where explicitly documented,,,Active / cruise,Active/mission underway,,,Mars,planet,Sun,0.641691,3389.5,3.934,3.71,0.3783147150148114,5.03,1.523679,0.4307378501176276,12.672051833840875,1.0,,0,1,0,0,0,0,0,4,50.0,unlabeled,NASA/ESA/ISRO official mission page,https://science.nasa.gov/mission/escapade/,NASA/ESA/ISRO official mission page,JPL SSD planetary/satellite physical parameters,2026-10-04T15:48:29Z,documented,1 = documented successful/completed mission phase; 0 = documented unsuccessful mission; blank = active/incomplete or no final outcome,Derived from sourced values; solar flux assumes inverse-square scaling from heliocentric semimajor-axis proxy; light time uses JPL au/c constant.,2.944689256382638,2.6488952292183257,5.593584485600964,258.8657588951053,0.4307378501176276,225.6204486710327,earth_like,12.672051833840875,25.344103667681757,0.449508489722967,1.0,45.5,idealized_two_body_earth_to_target_orbit_proxy,idealized_blackbody_proxy,solar_flux_proxy_not_radiation_dose,535.0,209.0,,,New Glenn 2,,,official mission page/factsheet,spacecraft mass; source-specific definition,,,25.344103667681757,0.4307378501176276,,0,0.2796792242800482,0.008448034555893916,0.08383333333333334,0.18289348195597238,86.1,transparent heuristic screening index; NOT ML probability,requires separately curated future-feasibility label,V2 mission catalogue + V3 target physics + V4 analytical physics + official mission enrichments where available
VORNIS-M0037,Mariner 4,NASA,Mars,Mars,1,Flyby,flyby,,1964.0,,,,,,,,not provided in NSSDCA catalog index; blank rather than inferred,,,Completed,Completed,1.0,1.0,Mars,planet,Sun,0.641691,3389.5,3.934,3.71,0.3783147150148114,5.03,1.523679,0.4307378501176276,12.672051833840875,1.0,,1,0,0,0,0,0,0,4,50.0,historical_mission_outcome,NASA NSSDCA planetary mission catalog,https://nssdc.gsfc.nasa.gov/planetary/projectdata.html,NASA NSSDCA,JPL SSD planetary/satellite physical parameters,2026-10-04T15:58:58+00:00,catalogued,"1 = documented successful mission/mission phase; 0 = documented unsuccessful; blank = active, partial, planned, or ambiguous",Derived from sourced values; solar flux assumes inverse-square scaling from heliocentric semimajor-axis proxy; light time uses JPL au/c constant.,2.944689256382638,2.6488952292183257,5.593584485600964,258.8657588951053,0.4307378501176276,225.6204486710327,earth_like,12.672051833840875,25.344103667681757,0.449508489722967,1.0,45.5,idealized_two_body_earth_to_target_orbit_proxy,idealized_blackbody_proxy,solar_flux_proxy_not_radiation_dose,260.8,,,,Atlas LV-3 Agena-D,chemical; trajectory correction/attitude control,,official mission page/factsheet,spacecraft mass; source-specific definition,,,25.344103667681757,0.4307378501176276,,0,0.2796792242800482,0.008448034555893916,0.08383333333333334,0.18289348195597238,86.1,transparent heuristic screening index; NOT ML probability,requires separately curated future-feasibility label,V2 mission catalogue + V3 target physics + V4 analytical physics + official mission enrichments where available
VORNIS-M0038,Mariner 5,NASA,Venus,Venus,1,Flyby,flyby,,1967.0,,,,,,,,not provided in NSSDCA catalog index; blank rather than inferred,,,Completed,Completed,1.0,1.0,Venus,planet,Sun,4.86731,6051.8,5.243,8.87,0.9044882809114224,10.36,0.723332,1.9112814414863863,6.015768805027692,1.0,,1,0,0,0,0,0,0,4,50.0,historical_mission_outcome,NASA NSSDCA planetary mission catalog,https://nssdc.gsfc.nasa.gov/planetary/projectdata.html,NASA NSSDCA,JPL SSD planetary/satellite physical parameters,2026-10-04T15:58:58+00:00,catalogued,"1 = documented successful mission/mission phase; 0 = documented unsuccessful; blank = active, partial, planned, or ambiguous",Derived from sourced values; solar flux assumes inverse-square scaling from heliocentric semimajor-axis proxy; light time uses JPL au/c constant.,2.495387039515929,2.706563446909321,5.20195048642525,146.07532668820045,1.9112814414863863,327.4585694527562,earth_like,6.015768805027692,12.031537610055384,0.9258266309204648,1.0,45.5,idealized_two_body_earth_to_target_orbit_proxy,idealized_blackbody_proxy,solar_flux_proxy_not_radiation_dose,,,,,,,,mission-catalogue provenance from V2,,,,12.031537610055384,1.9112814414863863,,0,0.26009752432126254,0.004010512536685128,0.17266666666666666,0.14066232141469456,85.6,transparent heuristic screening index; NOT ML probability,requires separately curated future-feasibility label,V2 mission catalogue + V3 target physics + V4 analytical physics + official mission enrichments where available
VORNIS-M0039,Mariner 6,NASA,Mars,Mars,1,Flyby,flyby,,1969.0,,,,,,,,not provided in NSSDCA catalog index; blank rather than inferred,,,Completed,Completed,1.0,1.0,Mars,planet,Sun,0.641691,3389.5,3.934,3.71,0.3783147150148114,5.03,1.523679,0.4307378501176276,12.672051833840875,1.0,,1,0,0,0,0,0,0,4,50.0,historical_mission_outcome,NASA NSSDCA planetary mission catalog,https://nssdc.gsfc.nasa.gov/planetary/projectdata.html,NASA NSSDCA,JPL SSD planetary/satellite physical parameters,2026-10-04T15:58:58+00:00,catalogued,"1 = documented successful mission/mission phase; 0 = documented unsuccessful; blank = active, partial, planned, or ambiguous",Derived from sourced values; solar flux assumes inverse-square scaling from heliocentric semimajor-axis proxy; light time uses JPL au/c constant.,2.944689256382638,2.6488952292183257,5.593584485600964,258.8657588951053,0.4307378501176276,225.6204486710327,earth_like,12.672051833840875,25.344103667681757,0.449508489722967,1.0,45.5,idealized_two_body_earth_to_target_orbit_proxy,idealized_blackbody_proxy,solar_flux_proxy_not_radiation_dose,381.0,,,,Atlas-Centaur,chemical; trajectory correction/attitude control,,official mission page/factsheet,spacecraft mass; source-specific definition,,,25.344103667681757,0.4307378501176276,,0,0.2796792242800482,0.008448034555893916,0.08383333333333334,0.18289348195597238,86.1,transparent heuristic screening index; NOT ML probability,requires separately curated future-feasibility label,V2 mission catalogue + V3 target physics + V4 analytical physics + official mission enrichments where available
VORNIS-M0040,Mariner 7,NASA,Mars,Mars,1,Flyby,flyby,,1969.0,,,,,,,,not provided in NSSDCA catalog index; blank rather than inferred,,,Completed,Completed,1.0,1.0,Mars,planet,Sun,0.641691,3389.5,3.934,3.71,0.3783147150148114,5.03,1.523679,0.4307378501176276,12.672051833840875,1.0,,1,0,0,0,0,0,0,4,50.0,historical_mission_outcome,NASA NSSDCA planetary mission catalog,https://nssdc.gsfc.nasa.gov/planetary/projectdata.html,NASA NSSDCA,JPL SSD planetary/satellite physical parameters,2026-10-04T15:58:58+00:00,catalogued,"1 = documented successful mission/mission phase; 0 = documented unsuccessful; blank = active, partial, planned, or ambiguous",Derived from sourced values; solar flux assumes inverse-square scaling from heliocentric semimajor-axis proxy; light time uses JPL au/c constant.,2.944689256382638,2.6488952292183257,5.593584485600964,258.8657588951053,0.4307378501176276,225.6204486710327,earth_like,12.672051833840875,25.344103667681757,0.449508489722967,1.0,45.5,idealized_two_body_earth_to_target_orbit_proxy,idealized_blackbody_proxy,solar_flux_proxy_not_radiation_dose,381.0,,,,Atlas-Centaur,chemical; trajectory correction/attitude control,,official mission page/factsheet,spacecraft mass; source-specific definition,,,25.344103667681757,0.4307378501176276,,0,0.2796792242800482,0.008448034555893916,0.08383333333333334,0.18289348195597238,86.1,transparent heuristic screening index; NOT ML probability,requires separately curated future-feasibility label,V2 mission catalogue + V3 target physics + V4 analytical physics + official mission enrichments where available
VORNIS-M0041,Mariner 9,NASA,Mars,Mars,1,Orbiter,orbiter,,1971.0,,,,,,,,not provided in NSSDCA catalog index; blank rather than inferred,,,Completed,Completed,1.0,1.0,Mars,planet,Sun,0.641691,3389.5,3.934,3.71,0.3783147150148114,5.03,1.523679,0.4307378501176276,12.672051833840875,1.0,,0,1,0,0,0,0,0,4,50.0,historical_mission_outcome,NASA NSSDCA planetary mission catalog,https://nssdc.gsfc.nasa.gov/planetary/projectdata.html,NASA NSSDCA,JPL SSD planetary/satellite physical parameters,2026-10-04T15:58:58+00:00,catalogued,"1 = documented successful mission/mission phase; 0 = documented unsuccessful; blank = active, partial, planned, or ambiguous",Derived from sourced values; solar flux assumes inverse-square scaling from heliocentric semimajor-axis proxy; light time uses JPL au/c constant.,2.944689256382638,2.6488952292183257,5.593584485600964,258.8657588951053,0.4307378501176276,225.6204486710327,earth_like,12.672051833840875,25.344103667681757,0.449508489722967,1.0,45.5,idealized_two_body_earth_to_target_orbit_proxy,idealized_blackbody_proxy,solar_flux_proxy_not_radiation_dose,997.9,,,,Atlas-Centaur D-1A,chemical; trajectory correction/attitude control,,official mission page/factsheet,spacecraft mass; source-specific definition,,,25.344103667681757,0.4307378501176276,,0,0.2796792242800482,0.008448034555893916,0.08383333333333334,0.18289348195597238,86.1,transparent heuristic screening index; NOT ML probability,requires separately curated future-feasibility label,V2 mission catalogue + V3 target physics + V4 analytical physics + official mission enrichments where available
VORNIS-M0042,Pioneer Venus 1,NASA,Venus,Venus,1,Orbiter,orbiter,,1978.0,,,,,,,,not provided in NSSDCA catalog index; blank rather than inferred,,,Completed,Completed,1.0,1.0,Venus,planet,Sun,4.86731,6051.8,5.243,8.87,0.9044882809114224,10.36,0.723332,1.9112814414863863,6.015768805027692,1.0,,0,1,0,0,0,0,0,4,50.0,historical_mission_outcome,NASA NSSDCA planetary mission catalog,https://nssdc.gsfc.nasa.gov/planetary/projectdata.html,NASA NSSDCA,JPL SSD planetary/satellite physical parameters,2026-10-04T15:58:58+00:00,catalogued,"1 = documented successful mission/mission phase; 0 = documented unsuccessful; blank = active, partial, planned, or ambiguous",Derived from sourced values; solar flux assumes inverse-square scaling from heliocentric semimajor-axis proxy; light time uses JPL au/c constant.,2.495387039515929,2.706563446909321,5.20195048642525,146.07532668820045,1.9112814414863863,327.4585694527562,earth_like,6.015768805027692,12.031537610055384,0.9258266309204648,1.0,45.5,idealized_two_body_earth_to_target_orbit_proxy,idealized_blackbody_proxy,solar_flux_proxy_not_radiation_dose,,,,,,,,mission-catalogue provenance from V2,,,,12.031537610055384,1.9112814414863863,,0,0.26009752432126254,0.004010512536685128,0.17266666666666666,0.14066232141469456,85.6,transparent heuristic screening index; NOT ML probability,requires separately curated future-feasibility label,V2 mission catalogue + V3 target physics + V4 analytical physics + official mission enrichments where available
VORNIS-M0043,Pioneer Venus 2,NASA,Venus,Venus,1,Atmospheric probes,mixed,,1978.0,,,,,,,,not provided in NSSDCA catalog index; blank rather than inferred,,,Completed,Completed,1.0,1.0,Venus,planet,Sun,4.86731,6051.8,5.243,8.87,0.9044882809114224,10.36,0.723332,1.9112814414863863,6.015768805027692,1.0,,0,0,0,0,0,0,0,4,50.0,historical_mission_outcome,NASA NSSDCA planetary mission catalog,https://nssdc.gsfc.nasa.gov/planetary/projectdata.html,NASA NSSDCA,JPL SSD planetary/satellite physical parameters,2026-10-04T15:58:58+00:00,catalogued,"1 = documented successful mission/mission phase; 0 = documented unsuccessful; blank = active, partial, planned, or ambiguous",Derived from sourced values; solar flux assumes inverse-square scaling from heliocentric semimajor-axis proxy; light time uses JPL au/c constant.,2.495387039515929,2.706563446909321,5.20195048642525,146.07532668820045,1.9112814414863863,327.4585694527562,earth_like,6.015768805027692,12.031537610055384,0.9258266309204648,1.0,45.5,idealized_two_body_earth_to_target_orbit_proxy,idealized_blackbody_proxy,solar_flux_proxy_not_radiation_dose,,,,,,,,mission-catalogue provenance from V2,,,,12.031537610055384,1.9112814414863863,,0,0.26009752432126254,0.004010512536685128,0.17266666666666666,0.14066232141469456,85.6,transparent heuristic screening index; NOT ML probability,requires separately curated future-feasibility label,V2 mission catalogue + V3 target physics + V4 analytical physics + official mission enrichments where available
VORNIS-M0044,Deep Space 1,NASA,Asteroid 9969 Braille; Comet Borrelly,Asteroid 9969 Braille; Comet Borrelly,2,Technology demonstration + Flyby,flyby,,1998.0,,,,,,,,not provided in NSSDCA catalog index; blank rather than inferred,,,Completed,Completed,1.0,1.0,,,,,,,,,,,,,,,1,0,0,0,0,0,0,0,0.0,historical_mission_outcome,NASA NSSDCA planetary mission catalog,https://nssdc.gsfc.nasa.gov/planetary/projectdata.html,NASA NSSDCA,not_joined,2026-10-04T15:58:58+00:00,catalogued,"1 = documented successful mission/mission phase; 0 = documented unsuccessful; blank = active, partial, planned, or ambiguous",Derived from sourced values; solar flux assumes inverse-square scaling from heliocentric semimajor-axis proxy; light time uses JPL au/c constant.,,,,,,,,,,,,0.0,not_available,not_available,not_available,,,,,,,,mission-catalogue provenance from V2,,,,,,,0,,,,,,transparent heuristic screening index; NOT ML probability,requires separately curated future-feasibility label,V2 mission catalogue + V3 target physics + V4 analytical physics + official mission enrichments where available
VORNIS-M0045,NEAR Shoemaker,NASA,433 Eros,433 Eros,1,Orbiter + Lander,mixed,,1996.0,,,,,,,,not provided in NSSDCA catalog index; blank rather than inferred,,,Completed,Completed,1.0,1.0,,,,,,,,,,,,,,,0,0,0,0,0,0,0,0,0.0,historical_mission_outcome,NASA NSSDCA planetary mission catalog,https://nssdc.gsfc.nasa.gov/planetary/projectdata.html,NASA NSSDCA,not_joined,2026-10-04T15:58:58+00:00,catalogued,"1 = documented successful mission/mission phase; 0 = documented unsuccessful; blank = active, partial, planned, or ambiguous",Derived from sourced values; solar flux assumes inverse-square scaling from heliocentric semimajor-axis proxy; light time uses JPL au/c constant.,,,,,,,,,,,,0.0,not_available,not_available,not_available,,,,,,,,mission-catalogue provenance from V2,,,,,,,0,,,,,,transparent heuristic screening index; NOT ML probability,requires separately curated future-feasibility label,V2 mission catalogue + V3 target physics + V4 analytical physics + official mission enrichments where available
VORNIS-M0046,Mars Global Surveyor,NASA,Mars,Mars,1,Orbiter,orbiter,,1996.0,,,,,,,,not provided in NSSDCA catalog index; blank rather than inferred,,,Completed,Completed,1.0,1.0,Mars,planet,Sun,0.641691,3389.5,3.934,3.71,0.3783147150148114,5.03,1.523679,0.4307378501176276,12.672051833840875,1.0,,0,1,0,0,0,0,0,4,50.0,historical_mission_outcome,NASA NSSDCA planetary mission catalog,https://nssdc.gsfc.nasa.gov/planetary/projectdata.html,NASA NSSDCA,JPL SSD planetary/satellite physical parameters,2026-10-04T15:58:58+00:00,catalogued,"1 = documented successful mission/mission phase; 0 = documented unsuccessful; blank = active, partial, planned, or ambiguous",Derived from sourced values; solar flux assumes inverse-square scaling from heliocentric semimajor-axis proxy; light time uses JPL au/c constant.,2.944689256382638,2.6488952292183257,5.593584485600964,258.8657588951053,0.4307378501176276,225.6204486710327,earth_like,12.672051833840875,25.344103667681757,0.449508489722967,1.0,45.5,idealized_two_body_earth_to_target_orbit_proxy,idealized_blackbody_proxy,solar_flux_proxy_not_radiation_dose,1030.5,,,,Delta 7925,chemical,,official mission page/factsheet,spacecraft mass; source-specific definition,,,25.344103667681757,0.4307378501176276,,0,0.2796792242800482,0.008448034555893916,0.08383333333333334,0.18289348195597238,86.1,transparent heuristic screening index; NOT ML probability,requires separately curated future-feasibility label,V2 mission catalogue + V3 target physics + V4 analytical physics + official mission enrichments where available
VORNIS-M0047,Mars Odyssey,NASA,Mars,Mars,1,Orbiter,orbiter,,2001.0,,,,,,,,not provided in NSSDCA catalog index; blank rather than inferred,,,Active/extended,Active/extended,,,Mars,planet,Sun,0.641691,3389.5,3.934,3.71,0.3783147150148114,5.03,1.523679,0.4307378501176276,12.672051833840875,1.0,,0,1,0,0,0,0,0,4,50.0,unlabeled,NASA NSSDCA planetary mission catalog,https://nssdc.gsfc.nasa.gov/planetary/projectdata.html,NASA NSSDCA,JPL SSD planetary/satellite physical parameters,2026-10-04T15:58:58+00:00,catalogued,"1 = documented successful mission/mission phase; 0 = documented unsuccessful; blank = active, partial, planned, or ambiguous",Derived from sourced values; solar flux assumes inverse-square scaling from heliocentric semimajor-axis proxy; light time uses JPL au/c constant.,2.944689256382638,2.6488952292183257,5.593584485600964,258.8657588951053,0.4307378501176276,225.6204486710327,earth_like,12.672051833840875,25.344103667681757,0.449508489722967,1.0,45.5,idealized_two_body_earth_to_target_orbit_proxy,idealized_blackbody_proxy,solar_flux_proxy_not_radiation_dose,,,,,,,,mission-catalogue provenance from V2,,,,25.344103667681757,0.4307378501176276,,0,0.2796792242800482,0.008448034555893916,0.08383333333333334,0.18289348195597238,86.1,transparent heuristic screening index; NOT ML probability,requires separately curated future-feasibility label,V2 mission catalogue + V3 target physics + V4 analytical physics + official mission enrichments where available
VORNIS-M0048,Mars Reconnaissance Orbiter,NASA,Mars,Mars,1,Orbiter,orbiter,,2005.0,,,,,,,,not provided in NSSDCA catalog index; blank rather than inferred,,,Active/extended,Active/extended,,,Mars,planet,Sun,0.641691,3389.5,3.934,3.71,0.3783147150148114,5.03,1.523679,0.4307378501176276,12.672051833840875,1.0,,0,1,0,0,0,0,0,4,50.0,unlabeled,NASA NSSDCA planetary mission catalog,https://nssdc.gsfc.nasa.gov/planetary/projectdata.html,NASA NSSDCA,JPL SSD planetary/satellite physical parameters,2026-10-04T15:58:58+00:00,catalogued,"1 = documented successful mission/mission phase; 0 = documented unsuccessful; blank = active, partial, planned, or ambiguous",Derived from sourced values; solar flux assumes inverse-square scaling from heliocentric semimajor-axis proxy; light time uses JPL au/c constant.,2.944689256382638,2.6488952292183257,5.593584485600964,258.8657588951053,0.4307378501176276,225.6204486710327,earth_like,12.672051833840875,25.344103667681757,0.449508489722967,1.0,45.5,idealized_two_body_earth_to_target_orbit_proxy,idealized_blackbody_proxy,solar_flux_proxy_not_radiation_dose,,,,,,,,mission-catalogue provenance from V2,,,,25.344103667681757,0.4307378501176276,,0,0.2796792242800482,0.008448034555893916,0.08383333333333334,0.18289348195597238,86.1,transparent heuristic screening index; NOT ML probability,requires separately curated future-feasibility label,V2 mission catalogue + V3 target physics + V4 analytical physics + official mission enrichments where available
VORNIS-M0049,MAVEN,NASA,Mars,Mars,1,Orbiter,orbiter,,2013.0,,,,,,,,not provided in NSSDCA catalog index; blank rather than inferred,,,Active/extended,Active/extended,,,Mars,planet,Sun,0.641691,3389.5,3.934,3.71,0.3783147150148114,5.03,1.523679,0.4307378501176276,12.672051833840875,1.0,,0,1,0,0,0,0,0,4,50.0,unlabeled,NASA NSSDCA planetary mission catalog,https://nssdc.gsfc.nasa.gov/planetary/projectdata.html,NASA NSSDCA,JPL SSD planetary/satellite physical parameters,2026-10-04T15:58:58+00:00,catalogued,"1 = documented successful mission/mission phase; 0 = documented unsuccessful; blank = active, partial, planned, or ambiguous",Derived from sourced values; solar flux assumes inverse-square scaling from heliocentric semimajor-axis proxy; light time uses JPL au/c constant.,2.944689256382638,2.6488952292183257,5.593584485600964,258.8657588951053,0.4307378501176276,225.6204486710327,earth_like,12.672051833840875,25.344103667681757,0.449508489722967,1.0,45.5,idealized_two_body_earth_to_target_orbit_proxy,idealized_blackbody_proxy,solar_flux_proxy_not_radiation_dose,2454.0,809.0,,65.0,Atlas V 401,hydrazine chemical propulsion,,official mission page/factsheet,spacecraft mass; source-specific definition,,,25.344103667681757,0.4307378501176276,,0,0.2796792242800482,0.008448034555893916,0.08383333333333334,0.18289348195597238,86.1,transparent heuristic screening index; NOT ML probability,requires separately curated future-feasibility label,V2 mission catalogue + V3 target physics + V4 analytical physics + official mission enrichments where available
VORNIS-M0050,Mars Express,ESA,Mars,Mars,1,Orbiter + Lander,mixed,,2003.0,,,,,,,,not provided in NSSDCA catalog index; blank rather than inferred,,,Active/extended,Active/extended,,,Mars,planet,Sun,0.641691,3389.5,3.934,3.71,0.3783147150148114,5.03,1.523679,0.4307378501176276,12.672051833840875,1.0,,0,0,0,0,0,0,0,4,50.0,unlabeled,NASA NSSDCA planetary mission catalog,https://nssdc.gsfc.nasa.gov/planetary/projectdata.html,NASA NSSDCA,JPL SSD planetary/satellite physical parameters,2026-10-04T15:58:58+00:00,catalogued,"1 = documented successful mission/mission phase; 0 = documented unsuccessful; blank = active, partial, planned, or ambiguous",Derived from sourced values; solar flux assumes inverse-square scaling from heliocentric semimajor-axis proxy; light time uses JPL au/c constant.,2.944689256382638,2.6488952292183257,5.593584485600964,258.8657588951053,0.4307378501176276,225.6204486710327,earth_like,12.672051833840875,25.344103667681757,0.449508489722967,1.0,45.5,idealized_two_body_earth_to_target_orbit_proxy,idealized_blackbody_proxy,solar_flux_proxy_not_radiation_dose,,,,,,,,mission-catalogue provenance from V2,,,,25.344103667681757,0.4307378501176276,,0,0.2796792242800482,0.008448034555893916,0.08383333333333334,0.18289348195597238,86.1,transparent heuristic screening index; NOT ML probability,requires separately curated future-feasibility label,V2 mission catalogue + V3 target physics + V4 analytical physics + official mission enrichments where available
VORNIS-M0051,Mars Observer,NASA,Mars,Mars,1,Orbiter,orbiter,,1992.0,,,,,,,,not provided in NSSDCA catalog index; blank rather than inferred,,,Unsuccessful,Unsuccessful,0.0,0.0,Mars,planet,Sun,0.641691,3389.5,3.934,3.71,0.3783147150148114,5.03,1.523679,0.4307378501176276,12.672051833840875,1.0,,0,1,0,0,0,0,0,4,50.0,historical_mission_outcome,NASA NSSDCA planetary mission catalog,https://nssdc.gsfc.nasa.gov/planetary/projectdata.html,NASA NSSDCA,JPL SSD planetary/satellite physical parameters,2026-10-04T15:58:58+00:00,catalogued,"1 = documented successful mission/mission phase; 0 = documented unsuccessful; blank = active, partial, planned, or ambiguous",Derived from sourced values; solar flux assumes inverse-square scaling from heliocentric semimajor-axis proxy; light time uses JPL au/c constant.,2.944689256382638,2.6488952292183257,5.593584485600964,258.8657588951053,0.4307378501176276,225.6204486710327,earth_like,12.672051833840875,25.344103667681757,0.449508489722967,1.0,45.5,idealized_two_body_earth_to_target_orbit_proxy,idealized_blackbody_proxy,solar_flux_proxy_not_radiation_dose,,,,,,,,mission-catalogue provenance from V2,,,,25.344103667681757,0.4307378501176276,,0,0.2796792242800482,0.008448034555893916,0.08383333333333334,0.18289348195597238,86.1,transparent heuristic screening index; NOT ML probability,requires separately curated future-feasibility label,V2 mission catalogue + V3 target physics + V4 analytical physics + official mission enrichments where available
VORNIS-M0052,Mars 96,Russia,Mars,Mars,1,Orbiter + Landers,mixed,,1996.0,,,,,,,,not provided in NSSDCA catalog index; blank rather than inferred,,,Unsuccessful launch,Unsuccessful launch,0.0,0.0,Mars,planet,Sun,0.641691,3389.5,3.934,3.71,0.3783147150148114,5.03,1.523679,0.4307378501176276,12.672051833840875,1.0,,0,0,0,0,0,0,0,4,50.0,historical_mission_outcome,NASA NSSDCA planetary mission catalog,https://nssdc.gsfc.nasa.gov/planetary/projectdata.html,NASA NSSDCA,JPL SSD planetary/satellite physical parameters,2026-10-04T15:58:58+00:00,catalogued,"1 = documented successful mission/mission phase; 0 = documented unsuccessful; blank = active, partial, planned, or ambiguous",Derived from sourced values; solar flux assumes inverse-square scaling from heliocentric semimajor-axis proxy; light time uses JPL au/c constant.,2.944689256382638,2.6488952292183257,5.593584485600964,258.8657588951053,0.4307378501176276,225.6204486710327,earth_like,12.672051833840875,25.344103667681757,0.449508489722967,1.0,45.5,idealized_two_body_earth_to_target_orbit_proxy,idealized_blackbody_proxy,solar_flux_proxy_not_radiation_dose,,,,,,,,mission-catalogue provenance from V2,,,,25.344103667681757,0.4307378501176276,,0,0.2796792242800482,0.008448034555893916,0.08383333333333334,0.18289348195597238,86.1,transparent heuristic screening index; NOT ML probability,requires separately curated future-feasibility label,V2 mission catalogue + V3 target physics + V4 analytical physics + official mission enrichments where available
VORNIS-M0053,Phobos 1,Soviet Union,Mars / Phobos,Mars,1,Orbiter,orbiter,,1988.0,,,,,,,,not provided in NSSDCA catalog index; blank rather than inferred,,,Unsuccessful,Unsuccessful,0.0,0.0,Mars,planet,Sun,0.641691,3389.5,3.934,3.71,0.3783147150148114,5.03,1.523679,0.4307378501176276,12.672051833840875,1.0,,0,1,0,0,0,0,0,4,50.0,historical_mission_outcome,NASA NSSDCA planetary mission catalog,https://nssdc.gsfc.nasa.gov/planetary/projectdata.html,NASA NSSDCA,JPL SSD planetary/satellite physical parameters,2026-10-04T15:58:58+00:00,catalogued,"1 = documented successful mission/mission phase; 0 = documented unsuccessful; blank = active, partial, planned, or ambiguous",Derived from sourced values; solar flux assumes inverse-square scaling from heliocentric semimajor-axis proxy; light time uses JPL au/c constant.,2.944689256382638,2.6488952292183257,5.593584485600964,258.8657588951053,0.4307378501176276,225.6204486710327,earth_like,12.672051833840875,25.344103667681757,0.449508489722967,1.0,45.5,idealized_two_body_earth_to_target_orbit_proxy,idealized_blackbody_proxy,solar_flux_proxy_not_radiation_dose,,,,,,,,mission-catalogue provenance from V2,,,,25.344103667681757,0.4307378501176276,,0,0.2796792242800482,0.008448034555893916,0.08383333333333334,0.18289348195597238,86.1,transparent heuristic screening index; NOT ML probability,requires separately curated future-feasibility label,V2 mission catalogue + V3 target physics + V4 analytical physics + official mission enrichments where available
VORNIS-M0054,Phobos 2,Soviet Union,Mars / Phobos,Mars,1,Orbiter,orbiter,,1988.0,,,,,,,,not provided in NSSDCA catalog index; blank rather than inferred,,,Unsuccessful,Unsuccessful,0.0,0.0,Mars,planet,Sun,0.641691,3389.5,3.934,3.71,0.3783147150148114,5.03,1.523679,0.4307378501176276,12.672051833840875,1.0,,0,1,0,0,0,0,0,4,50.0,historical_mission_outcome,NASA NSSDCA planetary mission catalog,https://nssdc.gsfc.nasa.gov/planetary/projectdata.html,NASA NSSDCA,JPL SSD planetary/satellite physical parameters,2026-10-04T15:58:58+00:00,catalogued,"1 = documented successful mission/mission phase; 0 = documented unsuccessful; blank = active, partial, planned, or ambiguous",Derived from sourced values; solar flux assumes inverse-square scaling from heliocentric semimajor-axis proxy; light time uses JPL au/c constant.,2.944689256382638,2.6488952292183257,5.593584485600964,258.8657588951053,0.4307378501176276,225.6204486710327,earth_like,12.672051833840875,25.344103667681757,0.449508489722967,1.0,45.5,idealized_two_body_earth_to_target_orbit_proxy,idealized_blackbody_proxy,solar_flux_proxy_not_radiation_dose,,,,,,,,mission-catalogue provenance from V2,,,,25.344103667681757,0.4307378501176276,,0,0.2796792242800482,0.008448034555893916,0.08383333333333334,0.18289348195597238,86.1,transparent heuristic screening index; NOT ML probability,requires separately curated future-feasibility label,V2 mission catalogue + V3 target physics + V4 analytical physics + official mission enrichments where available
VORNIS-M0055,Nozomi,Japan (ISAS/JAXA),Mars,Mars,1,Orbiter,orbiter,,1998.0,,,,,,,,not provided in NSSDCA catalog index; blank rather than inferred,,,Unsuccessful,Unsuccessful,0.0,0.0,Mars,planet,Sun,0.641691,3389.5,3.934,3.71,0.3783147150148114,5.03,1.523679,0.4307378501176276,12.672051833840875,1.0,,0,1,0,0,0,0,0,4,50.0,historical_mission_outcome,NASA NSSDCA planetary mission catalog,https://nssdc.gsfc.nasa.gov/planetary/projectdata.html,NASA NSSDCA,JPL SSD planetary/satellite physical parameters,2026-10-04T15:58:58+00:00,catalogued,"1 = documented successful mission/mission phase; 0 = documented unsuccessful; blank = active, partial, planned, or ambiguous",Derived from sourced values; solar flux assumes inverse-square scaling from heliocentric semimajor-axis proxy; light time uses JPL au/c constant.,2.944689256382638,2.6488952292183257,5.593584485600964,258.8657588951053,0.4307378501176276,225.6204486710327,earth_like,12.672051833840875,25.344103667681757,0.449508489722967,1.0,45.5,idealized_two_body_earth_to_target_orbit_proxy,idealized_blackbody_proxy,solar_flux_proxy_not_radiation_dose,,,,,,,,mission-catalogue provenance from V2,,,,25.344103667681757,0.4307378501176276,,0,0.2796792242800482,0.008448034555893916,0.08383333333333334,0.18289348195597238,86.1,transparent heuristic screening index; NOT ML probability,requires separately curated future-feasibility label,V2 mission catalogue + V3 target physics + V4 analytical physics + official mission enrichments where available
VORNIS-M0056,Phoenix,NASA,Mars,Mars,1,Lander,lander,,2007.0,,,,,,,,not provided in NSSDCA catalog index; blank rather than inferred,,,Completed,Completed,1.0,1.0,Mars,planet,Sun,0.641691,3389.5,3.934,3.71,0.3783147150148114,5.03,1.523679,0.4307378501176276,12.672051833840875,1.0,,0,0,1,0,0,0,1,4,50.0,historical_mission_outcome,NASA NSSDCA planetary mission catalog,https://nssdc.gsfc.nasa.gov/planetary/projectdata.html,NASA NSSDCA,JPL SSD planetary/satellite physical parameters,2026-10-04T15:58:58+00:00,catalogued,"1 = documented successful mission/mission phase; 0 = documented unsuccessful; blank = active, partial, planned, or ambiguous",Derived from sourced values; solar flux assumes inverse-square scaling from heliocentric semimajor-axis proxy; light time uses JPL au/c constant.,2.944689256382638,2.6488952292183257,5.593584485600964,258.8657588951053,0.4307378501176276,225.6204486710327,earth_like,12.672051833840875,25.344103667681757,0.449508489722967,1.0,45.5,idealized_two_body_earth_to_target_orbit_proxy,idealized_blackbody_proxy,solar_flux_proxy_not_radiation_dose,,,,,,,,mission-catalogue provenance from V2,,,,25.344103667681757,0.4307378501176276,,1,0.2796792242800482,0.008448034555893916,0.08383333333333334,0.18289348195597238,86.1,transparent heuristic screening index; NOT ML probability,requires separately curated future-feasibility label,V2 mission catalogue + V3 target physics + V4 analytical physics + official mission enrichments where available
VORNIS-M0057,Mars Pathfinder Rover Sojourner,NASA,Mars,Mars,1,Rover,rover,,1996.0,,,,,,,,not provided in NSSDCA catalog index; blank rather than inferred,,,Completed,Completed,1.0,1.0,Mars,planet,Sun,0.641691,3389.5,3.934,3.71,0.3783147150148114,5.03,1.523679,0.4307378501176276,12.672051833840875,1.0,,0,0,0,1,0,0,1,4,50.0,historical_mission_outcome,NASA NSSDCA planetary mission catalog,https://nssdc.gsfc.nasa.gov/planetary/projectdata.html,NASA NSSDCA,JPL SSD planetary/satellite physical parameters,2026-10-04T15:58:58+00:00,catalogued,"1 = documented successful mission/mission phase; 0 = documented unsuccessful; blank = active, partial, planned, or ambiguous",Derived from sourced values; solar flux assumes inverse-square scaling from heliocentric semimajor-axis proxy; light time uses JPL au/c constant.,2.944689256382638,2.6488952292183257,5.593584485600964,258.8657588951053,0.4307378501176276,225.6204486710327,earth_like,12.672051833840875,25.344103667681757,0.449508489722967,1.0,45.5,idealized_two_body_earth_to_target_orbit_proxy,idealized_blackbody_proxy,solar_flux_proxy_not_radiation_dose,,,,,,,,mission-catalogue provenance from V2,,,,25.344103667681757,0.4307378501176276,,1,0.2796792242800482,0.008448034555893916,0.08383333333333334,0.18289348195597238,86.1,transparent heuristic screening index; NOT ML probability,requires separately curated future-feasibility label,V2 mission catalogue + V3 target physics + V4 analytical physics + official mission enrichments where available
VORNIS-M0058,CONTOUR,NASA,Comets Encke; Schwassmann-Wachmann-3,Comets Encke; Schwassmann-Wachmann-3,2,Flyby,flyby,,2002.0,,,,,,,,not provided in NSSDCA catalog index; blank rather than inferred,,,Unsuccessful,Unsuccessful,0.0,0.0,,,,,,,,,,,,,,,1,0,0,0,0,0,0,0,0.0,historical_mission_outcome,NASA NSSDCA planetary mission catalog,https://nssdc.gsfc.nasa.gov/planetary/projectdata.html,NASA NSSDCA,not_joined,2026-10-04T15:58:58+00:00,catalogued,"1 = documented successful mission/mission phase; 0 = documented unsuccessful; blank = active, partial, planned, or ambiguous",Derived from sourced values; solar flux assumes inverse-square scaling from heliocentric semimajor-axis proxy; light time uses JPL au/c constant.,,,,,,,,,,,,0.0,not_available,not_available,not_available,,,,,,,,mission-catalogue provenance from V2,,,,,,,0,,,,,,transparent heuristic screening index; NOT ML probability,requires separately curated future-feasibility label,V2 mission catalogue + V3 target physics + V4 analytical physics + official mission enrichments where available
VORNIS-M0059,Rosetta,ESA,67P/Churyumov-Gerasimenko,67P/Churyumov-Gerasimenko,1,Orbiter + Lander,mixed,,2004.0,,,,,,,,not provided in NSSDCA catalog index; blank rather than inferred,,,Completed,Completed,1.0,1.0,,,,,,,,,,,,,,,0,0,0,0,0,0,0,0,0.0,historical_mission_outcome,NASA NSSDCA planetary mission catalog,https://nssdc.gsfc.nasa.gov/planetary/projectdata.html,NASA NSSDCA,not_joined,2026-10-04T15:58:58+00:00,catalogued,"1 = documented successful mission/mission phase; 0 = documented unsuccessful; blank = active, partial, planned, or ambiguous",Derived from sourced values; solar flux assumes inverse-square scaling from heliocentric semimajor-axis proxy; light time uses JPL au/c constant.,,,,,,,,,,,,0.0,not_available,not_available,not_available,2900.0,,1670.0,165.0,Ariane-5 G+,chemical,,official mission page/factsheet,spacecraft mass; source-specific definition,,,,,1.0,0,,,,,,transparent heuristic screening index; NOT ML probability,requires separately curated future-feasibility label,V2 mission catalogue + V3 target physics + V4 analytical physics + official mission enrichments where available
VORNIS-M0060,Philae,ESA,67P/Churyumov-Gerasimenko,67P/Churyumov-Gerasimenko,1,Lander,lander,,2004.0,,,,,,,,not provided in NSSDCA catalog index; blank rather than inferred,,,Partial,Partial,,,,,,,,,,,,,,,,,0,0,1,0,0,0,1,0,0.0,unlabeled,NASA NSSDCA planetary mission catalog,https://nssdc.gsfc.nasa.gov/planetary/projectdata.html,NASA NSSDCA,not_joined,2026-10-04T15:58:58+00:00,catalogued,"1 = documented successful mission/mission phase; 0 = documented unsuccessful; blank = active, partial, planned, or ambiguous",Derived from sourced values; solar flux assumes inverse-square scaling from heliocentric semimajor-axis proxy; light time uses JPL au/c constant.,,,,,,,,,,,,0.0,not_available,not_available,not_available,,,,,,,,mission-catalogue provenance from V2,,,,,,,0,,,,,,transparent heuristic screening index; NOT ML probability,requires separately curated future-feasibility label,V2 mission catalogue + V3 target physics + V4 analytical physics + official mission enrichments where available
VORNIS-M0061,Giotto,ESA,Comet Halley; Comet Grigg-Skjellerup,Comet Halley; Comet Grigg-Skjellerup,2,Flyby,flyby,,1985.0,,,,,,,,not provided in NSSDCA catalog index; blank rather than inferred,,,Completed,Completed,1.0,1.0,,,,,,,,,,,,,,,1,0,0,0,0,0,0,0,0.0,historical_mission_outcome,NASA NSSDCA planetary mission catalog,https://nssdc.gsfc.nasa.gov/planetary/projectdata.html,NASA NSSDCA,not_joined,2026-10-04T15:58:58+00:00,catalogued,"1 = documented successful mission/mission phase; 0 = documented unsuccessful; blank = active, partial, planned, or ambiguous",Derived from sourced values; solar flux assumes inverse-square scaling from heliocentric semimajor-axis proxy; light time uses JPL au/c constant.,,,,,,,,,,,,0.0,not_available,not_available,not_available,,,,,,,,mission-catalogue provenance from V2,,,,,,,0,,,,,,transparent heuristic screening index; NOT ML probability,requires separately curated future-feasibility label,V2 mission catalogue + V3 target physics + V4 analytical physics + official mission enrichments where available
VORNIS-M0062,ICE / ISEE-3,NASA,Comet Giacobini-Zinner; Comet Halley,Comet Giacobini-Zinner; Comet Halley,2,Flyby,flyby,,1978.0,,,,,,,,not provided in NSSDCA catalog index; blank rather than inferred,,,Completed,Completed,1.0,1.0,,,,,,,,,,,,,,,1,0,0,0,0,0,0,0,0.0,historical_mission_outcome,NASA NSSDCA planetary mission catalog,https://nssdc.gsfc.nasa.gov/planetary/projectdata.html,NASA NSSDCA,not_joined,2026-10-04T15:58:58+00:00,catalogued,"1 = documented successful mission/mission phase; 0 = documented unsuccessful; blank = active, partial, planned, or ambiguous",Derived from sourced values; solar flux assumes inverse-square scaling from heliocentric semimajor-axis proxy; light time uses JPL au/c constant.,,,,,,,,,,,,0.0,not_available,not_available,not_available,,,,,,,,mission-catalogue provenance from V2,,,,,,,0,,,,,,transparent heuristic screening index; NOT ML probability,requires separately curated future-feasibility label,V2 mission catalogue + V3 target physics + V4 analytical physics + official mission enrichments where available
VORNIS-M0063,Sakigake,Japan (ISAS),Comet Halley,Comet Halley,1,Flyby,flyby,,1985.0,,,,,,,,not provided in NSSDCA catalog index; blank rather than inferred,,,Completed,Completed,1.0,1.0,,,,,,,,,,,,,,,1,0,0,0,0,0,0,0,0.0,historical_mission_outcome,NASA NSSDCA planetary mission catalog,https://nssdc.gsfc.nasa.gov/planetary/projectdata.html,NASA NSSDCA,not_joined,2026-10-04T15:58:58+00:00,catalogued,"1 = documented successful mission/mission phase; 0 = documented unsuccessful; blank = active, partial, planned, or ambiguous",Derived from sourced values; solar flux assumes inverse-square scaling from heliocentric semimajor-axis proxy; light time uses JPL au/c constant.,,,,,,,,,,,,0.0,not_available,not_available,not_available,,,,,,,,mission-catalogue provenance from V2,,,,,,,0,,,,,,transparent heuristic screening index; NOT ML probability,requires separately curated future-feasibility label,V2 mission catalogue + V3 target physics + V4 analytical physics + official mission enrichments where available
VORNIS-M0064,Suisei,Japan (ISAS),Comet Halley,Comet Halley,1,Flyby,flyby,,1985.0,,,,,,,,not provided in NSSDCA catalog index; blank rather than inferred,,,Completed,Completed,1.0,1.0,,,,,,,,,,,,,,,1,0,0,0,0,0,0,0,0.0,historical_mission_outcome,NASA NSSDCA planetary mission catalog,https://nssdc.gsfc.nasa.gov/planetary/projectdata.html,NASA NSSDCA,not_joined,2026-10-04T15:58:58+00:00,catalogued,"1 = documented successful mission/mission phase; 0 = documented unsuccessful; blank = active, partial, planned, or ambiguous",Derived from sourced values; solar flux assumes inverse-square scaling from heliocentric semimajor-axis proxy; light time uses JPL au/c constant.,,,,,,,,,,,,0.0,not_available,not_available,not_available,,,,,,,,mission-catalogue provenance from V2,,,,,,,0,,,,,,transparent heuristic screening index; NOT ML probability,requires separately curated future-feasibility label,V2 mission catalogue + V3 target physics + V4 analytical physics + official mission enrichments where available
VORNIS-M0065,Vega 1,Soviet Union,Venus; Comet Halley,Venus,2,Lander + Balloon + Flyby,mixed,,1984.0,,,,,,,,not provided in NSSDCA catalog index; blank rather than inferred,,,Completed,Completed,1.0,1.0,Venus,planet,Sun,4.86731,6051.8,5.243,8.87,0.9044882809114224,10.36,0.723332,1.9112814414863863,6.015768805027692,1.0,,0,0,0,0,0,0,0,4,50.0,historical_mission_outcome,NASA NSSDCA planetary mission catalog,https://nssdc.gsfc.nasa.gov/planetary/projectdata.html,NASA NSSDCA,JPL SSD planetary/satellite physical parameters,2026-10-04T15:58:58+00:00,catalogued,"1 = documented successful mission/mission phase; 0 = documented unsuccessful; blank = active, partial, planned, or ambiguous",Derived from sourced values; solar flux assumes inverse-square scaling from heliocentric semimajor-axis proxy; light time uses JPL au/c constant.,2.495387039515929,2.706563446909321,5.20195048642525,146.07532668820045,1.9112814414863863,327.4585694527562,earth_like,6.015768805027692,12.031537610055384,0.9258266309204648,1.0,45.5,idealized_two_body_earth_to_target_orbit_proxy,idealized_blackbody_proxy,solar_flux_proxy_not_radiation_dose,,,,,,,,mission-catalogue provenance from V2,,,,12.031537610055384,1.9112814414863863,,0,0.26009752432126254,0.004010512536685128,0.17266666666666666,0.14066232141469456,85.6,transparent heuristic screening index; NOT ML probability,requires separately curated future-feasibility label,V2 mission catalogue + V3 target physics + V4 analytical physics + official mission enrichments where available
VORNIS-M0066,Vega 2,Soviet Union,Venus; Comet Halley,Venus,2,Lander + Balloon + Flyby,mixed,,1984.0,,,,,,,,not provided in NSSDCA catalog index; blank rather than inferred,,,Completed,Completed,1.0,1.0,Venus,planet,Sun,4.86731,6051.8,5.243,8.87,0.9044882809114224,10.36,0.723332,1.9112814414863863,6.015768805027692,1.0,,0,0,0,0,0,0,0,4,50.0,historical_mission_outcome,NASA NSSDCA planetary mission catalog,https://nssdc.gsfc.nasa.gov/planetary/projectdata.html,NASA NSSDCA,JPL SSD planetary/satellite physical parameters,2026-10-04T15:58:58+00:00,catalogued,"1 = documented successful mission/mission phase; 0 = documented unsuccessful; blank = active, partial, planned, or ambiguous",Derived from sourced values; solar flux assumes inverse-square scaling from heliocentric semimajor-axis proxy; light time uses JPL au/c constant.,2.495387039515929,2.706563446909321,5.20195048642525,146.07532668820045,1.9112814414863863,327.4585694527562,earth_like,6.015768805027692,12.031537610055384,0.9258266309204648,1.0,45.5,idealized_two_body_earth_to_target_orbit_proxy,idealized_blackbody_proxy,solar_flux_proxy_not_radiation_dose,,,,,,,,mission-catalogue provenance from V2,,,,12.031537610055384,1.9112814414863863,,0,0.26009752432126254,0.004010512536685128,0.17266666666666666,0.14066232141469456,85.6,transparent heuristic screening index; NOT ML probability,requires separately curated future-feasibility label,V2 mission catalogue + V3 target physics + V4 analytical physics + official mission enrichments where available
VORNIS-M0067,Genesis,NASA,Sun / Solar wind,Sun,1,Sample Return,sample_return,,2001.0,,,,,,,,not provided in NSSDCA catalog index; blank rather than inferred,,,Completed with damaged sample capsule,Completed with damaged sample capsule,,,,,,,,,,,,,,,,,0,0,0,0,1,0,0,0,0.0,unlabeled,NASA NSSDCA planetary mission catalog,https://nssdc.gsfc.nasa.gov/planetary/projectdata.html,NASA NSSDCA,not_joined,2026-10-04T15:58:58+00:00,catalogued,"1 = documented successful mission/mission phase; 0 = documented unsuccessful; blank = active, partial, planned, or ambiguous",Derived from sourced values; solar flux assumes inverse-square scaling from heliocentric semimajor-axis proxy; light time uses JPL au/c constant.,,,,,,,,,,,,0.0,not_available,not_available,not_available,,,,,,,,mission-catalogue provenance from V2,,,,,,,0,,,,,,transparent heuristic screening index; NOT ML probability,requires separately curated future-feasibility label,V2 mission catalogue + V3 target physics + V4 analytical physics + official mission enrichments where available
VORNIS-M0068,Ulysses,NASA/ESA,Sun; Jupiter gravity assist,Jupiter,2,Solar polar orbiter,mixed,,1990.0,,,,,,,,not provided in NSSDCA catalog index; blank rather than inferred,,,Completed,Completed,1.0,1.0,Jupiter,planet,Sun,1898.125,69911.0,1.3262,24.79,2.5278764919722843,60.2,5.202887,0.0369412181736708,43.27109171263557,0.0,,0,0,0,0,0,0,0,4,50.0,historical_mission_outcome,NASA NSSDCA planetary mission catalog,https://nssdc.gsfc.nasa.gov/planetary/projectdata.html,NASA NSSDCA,JPL SSD planetary/satellite physical parameters,2026-10-04T15:58:58+00:00,catalogued,"1 = documented successful mission/mission phase; 0 = documented unsuccessful; blank = active, partial, planned, or ambiguous",Derived from sourced values; solar flux assumes inverse-square scaling from heliocentric semimajor-axis proxy; light time uses JPL au/c constant.,8.792745188174479,5.643205765124286,14.435950953298764,997.5030724335468,0.0369412181736708,122.09644038930092,very_cold,43.27109171263557,86.54218342527115,5.379803395889187,0.0,45.5,idealized_two_body_earth_to_target_orbit_proxy,idealized_blackbody_proxy,solar_flux_proxy_not_radiation_dose,,,,,,,,mission-catalogue provenance from V2,,,,86.54218342527115,0.0369412181736708,1.0,0,0.7217975476649382,0.02884739447509038,1.0,0.7162443936820493,38.3,transparent heuristic screening index; NOT ML probability,requires separately curated future-feasibility label,V2 mission catalogue + V3 target physics + V4 analytical physics + official mission enrichments where available
VORNIS-M0069,Kaguya (SELENE),JAXA,Moon,Moon,1,Orbiter,orbiter,,2007.0,,,,,,,,not provided in NSSDCA catalog index; blank rather than inferred,,,Completed,Completed,1.0,1.0,Moon,moon,Earth,0.07342,1737.4,3.344,1.62,0.1651940265024244,2.38,1.0000174,0.999965200908259,8.316891108653978,1.0,,0,1,0,0,0,0,0,4,50.0,historical_mission_outcome,NASA NSSDCA planetary mission catalog,https://nssdc.gsfc.nasa.gov/planetary/projectdata.html,NASA NSSDCA,JPL SSD planetary/satellite physical parameters,2026-10-04T15:58:58+00:00,catalogued,"1 = documented successful mission/mission phase; 0 = documented unsuccessful; blank = active, partial, planned, or ambiguous",Derived from sourced values; solar flux assumes inverse-square scaling from heliocentric semimajor-axis proxy; light time uses JPL au/c constant.,0.0001295620004988,0.0001295614369034,0.0002591234374023,182.63083247006344,0.999965200908259,278.49757708161906,earth_like,8.316891108653978,16.633782217307957,0.2126899016979446,1.0,45.5,idealized_two_body_earth_to_target_orbit_proxy,idealized_blackbody_proxy,solar_flux_proxy_not_radiation_dose,,,,,,,,mission-catalogue provenance from V2,,,,16.633782217307957,0.999965200908259,,0,1.2956171870114999e-05,0.005544594072435986,0.03966666666666666,7.556658242360181e-06,98.9,transparent heuristic screening index; NOT ML probability,requires separately curated future-feasibility label,V2 mission catalogue + V3 target physics + V4 analytical physics + official mission enrichments where available
VORNIS-M0070,Hiten,Japan (ISAS),Moon,Moon,1,Flyby + Orbiter,mixed,,1990.0,,,,,,,,not provided in NSSDCA catalog index; blank rather than inferred,,,Completed,Completed,1.0,1.0,Moon,moon,Earth,0.07342,1737.4,3.344,1.62,0.1651940265024244,2.38,1.0000174,0.999965200908259,8.316891108653978,1.0,,0,0,0,0,0,0,0,4,50.0,historical_mission_outcome,NASA NSSDCA planetary mission catalog,https://nssdc.gsfc.nasa.gov/planetary/projectdata.html,NASA NSSDCA,JPL SSD planetary/satellite physical parameters,2026-10-04T15:58:58+00:00,catalogued,"1 = documented successful mission/mission phase; 0 = documented unsuccessful; blank = active, partial, planned, or ambiguous",Derived from sourced values; solar flux assumes inverse-square scaling from heliocentric semimajor-axis proxy; light time uses JPL au/c constant.,0.0001295620004988,0.0001295614369034,0.0002591234374023,182.63083247006344,0.999965200908259,278.49757708161906,earth_like,8.316891108653978,16.633782217307957,0.2126899016979446,1.0,45.5,idealized_two_body_earth_to_target_orbit_proxy,idealized_blackbody_proxy,solar_flux_proxy_not_radiation_dose,,,,,,,,mission-catalogue provenance from V2,,,,16.633782217307957,0.999965200908259,,0,1.2956171870114999e-05,0.005544594072435986,0.03966666666666666,7.556658242360181e-06,98.9,transparent heuristic screening index; NOT ML probability,requires separately curated future-feasibility label,V2 mission catalogue + V3 target physics + V4 analytical physics + official mission enrichments where available
VORNIS-M0071,Lunar Prospector,NASA,Moon,Moon,1,Orbiter,orbiter,,1998.0,,,,,,,,not provided in NSSDCA catalog index; blank rather than inferred,,,Completed,Completed,1.0,1.0,Moon,moon,Earth,0.07342,1737.4,3.344,1.62,0.1651940265024244,2.38,1.0000174,0.999965200908259,8.316891108653978,1.0,,0,1,0,0,0,0,0,4,50.0,historical_mission_outcome,NASA NSSDCA planetary mission catalog,https://nssdc.gsfc.nasa.gov/planetary/projectdata.html,NASA NSSDCA,JPL SSD planetary/satellite physical parameters,2026-10-04T15:58:58+00:00,catalogued,"1 = documented successful mission/mission phase; 0 = documented unsuccessful; blank = active, partial, planned, or ambiguous",Derived from sourced values; solar flux assumes inverse-square scaling from heliocentric semimajor-axis proxy; light time uses JPL au/c constant.,0.0001295620004988,0.0001295614369034,0.0002591234374023,182.63083247006344,0.999965200908259,278.49757708161906,earth_like,8.316891108653978,16.633782217307957,0.2126899016979446,1.0,45.5,idealized_two_body_earth_to_target_orbit_proxy,idealized_blackbody_proxy,solar_flux_proxy_not_radiation_dose,,,,,,,,mission-catalogue provenance from V2,,,,16.633782217307957,0.999965200908259,,0,1.2956171870114999e-05,0.005544594072435986,0.03966666666666666,7.556658242360181e-06,98.9,transparent heuristic screening index; NOT ML probability,requires separately curated future-feasibility label,V2 mission catalogue + V3 target physics + V4 analytical physics + official mission enrichments where available
VORNIS-M0072,Clementine,NASA/DoD,Moon,Moon,1,Orbiter,orbiter,,1994.0,,,,,,,,not provided in NSSDCA catalog index; blank rather than inferred,,,Partial,Partial,,,Moon,moon,Earth,0.07342,1737.4,3.344,1.62,0.1651940265024244,2.38,1.0000174,0.999965200908259,8.316891108653978,1.0,,0,1,0,0,0,0,0,4,50.0,unlabeled,NASA NSSDCA planetary mission catalog,https://nssdc.gsfc.nasa.gov/planetary/projectdata.html,NASA NSSDCA,JPL SSD planetary/satellite physical parameters,2026-10-04T15:58:58+00:00,catalogued,"1 = documented successful mission/mission phase; 0 = documented unsuccessful; blank = active, partial, planned, or ambiguous",Derived from sourced values; solar flux assumes inverse-square scaling from heliocentric semimajor-axis proxy; light time uses JPL au/c constant.,0.0001295620004988,0.0001295614369034,0.0002591234374023,182.63083247006344,0.999965200908259,278.49757708161906,earth_like,8.316891108653978,16.633782217307957,0.2126899016979446,1.0,45.5,idealized_two_body_earth_to_target_orbit_proxy,idealized_blackbody_proxy,solar_flux_proxy_not_radiation_dose,,,,,,,,mission-catalogue provenance from V2,,,,16.633782217307957,0.999965200908259,,0,1.2956171870114999e-05,0.005544594072435986,0.03966666666666666,7.556658242360181e-06,98.9,transparent heuristic screening index; NOT ML probability,requires separately curated future-feasibility label,V2 mission catalogue + V3 target physics + V4 analytical physics + official mission enrichments where available
VORNIS-M0073,SMART-1,ESA,Moon,Moon,1,Orbiter,orbiter,,2003.0,,,,,,,,not provided in NSSDCA catalog index; blank rather than inferred,,,Completed,Completed,1.0,1.0,Moon,moon,Earth,0.07342,1737.4,3.344,1.62,0.1651940265024244,2.38,1.0000174,0.999965200908259,8.316891108653978,1.0,,0,1,0,0,0,0,0,4,50.0,historical_mission_outcome,NASA NSSDCA planetary mission catalog,https://nssdc.gsfc.nasa.gov/planetary/projectdata.html,NASA NSSDCA,JPL SSD planetary/satellite physical parameters,2026-10-04T15:58:58+00:00,catalogued,"1 = documented successful mission/mission phase; 0 = documented unsuccessful; blank = active, partial, planned, or ambiguous",Derived from sourced values; solar flux assumes inverse-square scaling from heliocentric semimajor-axis proxy; light time uses JPL au/c constant.,0.0001295620004988,0.0001295614369034,0.0002591234374023,182.63083247006344,0.999965200908259,278.49757708161906,earth_like,8.316891108653978,16.633782217307957,0.2126899016979446,1.0,45.5,idealized_two_body_earth_to_target_orbit_proxy,idealized_blackbody_proxy,solar_flux_proxy_not_radiation_dose,,,,,,,,mission-catalogue provenance from V2,,,,16.633782217307957,0.999965200908259,,0,1.2956171870114999e-05,0.005544594072435986,0.03966666666666666,7.556658242360181e-06,98.9,transparent heuristic screening index; NOT ML probability,requires separately curated future-feasibility label,V2 mission catalogue + V3 target physics + V4 analytical physics + official mission enrichments where available
VORNIS-M0074,Lunar Orbiter 1,NASA,Moon,Moon,1,Orbiter,orbiter,,1966.0,,,,,,,,not provided in NSSDCA catalog index; blank rather than inferred,,,Completed,Completed,1.0,1.0,Moon,moon,Earth,0.07342,1737.4,3.344,1.62,0.1651940265024244,2.38,1.0000174,0.999965200908259,8.316891108653978,1.0,,0,1,0,0,0,0,0,4,50.0,historical_mission_outcome,NASA NSSDCA planetary mission catalog,https://nssdc.gsfc.nasa.gov/planetary/projectdata.html,NASA NSSDCA,JPL SSD planetary/satellite physical parameters,2026-10-04T15:58:58+00:00,catalogued,"1 = documented successful mission/mission phase; 0 = documented unsuccessful; blank = active, partial, planned, or ambiguous",Derived from sourced values; solar flux assumes inverse-square scaling from heliocentric semimajor-axis proxy; light time uses JPL au/c constant.,0.0001295620004988,0.0001295614369034,0.0002591234374023,182.63083247006344,0.999965200908259,278.49757708161906,earth_like,8.316891108653978,16.633782217307957,0.2126899016979446,1.0,45.5,idealized_two_body_earth_to_target_orbit_proxy,idealized_blackbody_proxy,solar_flux_proxy_not_radiation_dose,,,,,,,,mission-catalogue provenance from V2,,,,16.633782217307957,0.999965200908259,,0,1.2956171870114999e-05,0.005544594072435986,0.03966666666666666,7.556658242360181e-06,98.9,transparent heuristic screening index; NOT ML probability,requires separately curated future-feasibility label,V2 mission catalogue + V3 target physics + V4 analytical physics + official mission enrichments where available
VORNIS-M0075,Lunar Orbiter 2,NASA,Moon,Moon,1,Orbiter,orbiter,,1966.0,,,,,,,,not provided in NSSDCA catalog index; blank rather than inferred,,,Completed,Completed,1.0,1.0,Moon,moon,Earth,0.07342,1737.4,3.344,1.62,0.1651940265024244,2.38,1.0000174,0.999965200908259,8.316891108653978,1.0,,0,1,0,0,0,0,0,4,50.0,historical_mission_outcome,NASA NSSDCA planetary mission catalog,https://nssdc.gsfc.nasa.gov/planetary/projectdata.html,NASA NSSDCA,JPL SSD planetary/satellite physical parameters,2026-10-04T15:58:58+00:00,catalogued,"1 = documented successful mission/mission phase; 0 = documented unsuccessful; blank = active, partial, planned, or ambiguous",Derived from sourced values; solar flux assumes inverse-square scaling from heliocentric semimajor-axis proxy; light time uses JPL au/c constant.,0.0001295620004988,0.0001295614369034,0.0002591234374023,182.63083247006344,0.999965200908259,278.49757708161906,earth_like,8.316891108653978,16.633782217307957,0.2126899016979446,1.0,45.5,idealized_two_body_earth_to_target_orbit_proxy,idealized_blackbody_proxy,solar_flux_proxy_not_radiation_dose,,,,,,,,mission-catalogue provenance from V2,,,,16.633782217307957,0.999965200908259,,0,1.2956171870114999e-05,0.005544594072435986,0.03966666666666666,7.556658242360181e-06,98.9,transparent heuristic screening index; NOT ML probability,requires separately curated future-feasibility label,V2 mission catalogue + V3 target physics + V4 analytical physics + official mission enrichments where available
VORNIS-M0076,Lunar Orbiter 3,NASA,Moon,Moon,1,Orbiter,orbiter,,1967.0,,,,,,,,not provided in NSSDCA catalog index; blank rather than inferred,,,Completed,Completed,1.0,1.0,Moon,moon,Earth,0.07342,1737.4,3.344,1.62,0.1651940265024244,2.38,1.0000174,0.999965200908259,8.316891108653978,1.0,,0,1,0,0,0,0,0,4,50.0,historical_mission_outcome,NASA NSSDCA planetary mission catalog,https://nssdc.gsfc.nasa.gov/planetary/projectdata.html,NASA NSSDCA,JPL SSD planetary/satellite physical parameters,2026-10-04T15:58:58+00:00,catalogued,"1 = documented successful mission/mission phase; 0 = documented unsuccessful; blank = active, partial, planned, or ambiguous",Derived from sourced values; solar flux assumes inverse-square scaling from heliocentric semimajor-axis proxy; light time uses JPL au/c constant.,0.0001295620004988,0.0001295614369034,0.0002591234374023,182.63083247006344,0.999965200908259,278.49757708161906,earth_like,8.316891108653978,16.633782217307957,0.2126899016979446,1.0,45.5,idealized_two_body_earth_to_target_orbit_proxy,idealized_blackbody_proxy,solar_flux_proxy_not_radiation_dose,,,,,,,,mission-catalogue provenance from V2,,,,16.633782217307957,0.999965200908259,,0,1.2956171870114999e-05,0.005544594072435986,0.03966666666666666,7.556658242360181e-06,98.9,transparent heuristic screening index; NOT ML probability,requires separately curated future-feasibility label,V2 mission catalogue + V3 target physics + V4 analytical physics + official mission enrichments where available
VORNIS-M0077,Lunar Orbiter 4,NASA,Moon,Moon,1,Orbiter,orbiter,,1967.0,,,,,,,,not provided in NSSDCA catalog index; blank rather than inferred,,,Completed,Completed,1.0,1.0,Moon,moon,Earth,0.07342,1737.4,3.344,1.62,0.1651940265024244,2.38,1.0000174,0.999965200908259,8.316891108653978,1.0,,0,1,0,0,0,0,0,4,50.0,historical_mission_outcome,NASA NSSDCA planetary mission catalog,https://nssdc.gsfc.nasa.gov/planetary/projectdata.html,NASA NSSDCA,JPL SSD planetary/satellite physical parameters,2026-10-04T15:58:58+00:00,catalogued,"1 = documented successful mission/mission phase; 0 = documented unsuccessful; blank = active, partial, planned, or ambiguous",Derived from sourced values; solar flux assumes inverse-square scaling from heliocentric semimajor-axis proxy; light time uses JPL au/c constant.,0.0001295620004988,0.0001295614369034,0.0002591234374023,182.63083247006344,0.999965200908259,278.49757708161906,earth_like,8.316891108653978,16.633782217307957,0.2126899016979446,1.0,45.5,idealized_two_body_earth_to_target_orbit_proxy,idealized_blackbody_proxy,solar_flux_proxy_not_radiation_dose,,,,,,,,mission-catalogue provenance from V2,,,,16.633782217307957,0.999965200908259,,0,1.2956171870114999e-05,0.005544594072435986,0.03966666666666666,7.556658242360181e-06,98.9,transparent heuristic screening index; NOT ML probability,requires separately curated future-feasibility label,V2 mission catalogue + V3 target physics + V4 analytical physics + official mission enrichments where available
VORNIS-M0078,Lunar Orbiter 5,NASA,Moon,Moon,1,Orbiter,orbiter,,1967.0,,,,,,,,not provided in NSSDCA catalog index; blank rather than inferred,,,Completed,Completed,1.0,1.0,Moon,moon,Earth,0.07342,1737.4,3.344,1.62,0.1651940265024244,2.38,1.0000174,0.999965200908259,8.316891108653978,1.0,,0,1,0,0,0,0,0,4,50.0,historical_mission_outcome,NASA NSSDCA planetary mission catalog,https://nssdc.gsfc.nasa.gov/planetary/projectdata.html,NASA NSSDCA,JPL SSD planetary/satellite physical parameters,2026-10-04T15:58:58+00:00,catalogued,"1 = documented successful mission/mission phase; 0 = documented unsuccessful; blank = active, partial, planned, or ambiguous",Derived from sourced values; solar flux assumes inverse-square scaling from heliocentric semimajor-axis proxy; light time uses JPL au/c constant.,0.0001295620004988,0.0001295614369034,0.0002591234374023,182.63083247006344,0.999965200908259,278.49757708161906,earth_like,8.316891108653978,16.633782217307957,0.2126899016979446,1.0,45.5,idealized_two_body_earth_to_target_orbit_proxy,idealized_blackbody_proxy,solar_flux_proxy_not_radiation_dose,,,,,,,,mission-catalogue provenance from V2,,,,16.633782217307957,0.999965200908259,,0,1.2956171870114999e-05,0.005544594072435986,0.03966666666666666,7.556658242360181e-06,98.9,transparent heuristic screening index; NOT ML probability,requires separately curated future-feasibility label,V2 mission catalogue + V3 target physics + V4 analytical physics + official mission enrichments where available
VORNIS-M0079,Surveyor 1,NASA,Moon,Moon,1,Lander,lander,,1966.0,,,,,,,,not provided in NSSDCA catalog index; blank rather than inferred,,,Completed,Completed,1.0,1.0,Moon,moon,Earth,0.07342,1737.4,3.344,1.62,0.1651940265024244,2.38,1.0000174,0.999965200908259,8.316891108653978,1.0,,0,0,1,0,0,0,1,4,50.0,historical_mission_outcome,NASA NSSDCA planetary mission catalog,https://nssdc.gsfc.nasa.gov/planetary/projectdata.html,NASA NSSDCA,JPL SSD planetary/satellite physical parameters,2026-10-04T15:58:58+00:00,catalogued,"1 = documented successful mission/mission phase; 0 = documented unsuccessful; blank = active, partial, planned, or ambiguous",Derived from sourced values; solar flux assumes inverse-square scaling from heliocentric semimajor-axis proxy; light time uses JPL au/c constant.,0.0001295620004988,0.0001295614369034,0.0002591234374023,182.63083247006344,0.999965200908259,278.49757708161906,earth_like,8.316891108653978,16.633782217307957,0.2126899016979446,1.0,45.5,idealized_two_body_earth_to_target_orbit_proxy,idealized_blackbody_proxy,solar_flux_proxy_not_radiation_dose,,,,,,,,mission-catalogue provenance from V2,,,,16.633782217307957,0.999965200908259,,0,1.2956171870114999e-05,0.005544594072435986,0.03966666666666666,7.556658242360181e-06,98.9,transparent heuristic screening index; NOT ML probability,requires separately curated future-feasibility label,V2 mission catalogue + V3 target physics + V4 analytical physics + official mission enrichments where available
VORNIS-M0080,Surveyor 3,NASA,Moon,Moon,1,Lander,lander,,1967.0,,,,,,,,not provided in NSSDCA catalog index; blank rather than inferred,,,Completed,Completed,1.0,1.0,Moon,moon,Earth,0.07342,1737.4,3.344,1.62,0.1651940265024244,2.38,1.0000174,0.999965200908259,8.316891108653978,1.0,,0,0,1,0,0,0,1,4,50.0,historical_mission_outcome,NASA NSSDCA planetary mission catalog,https://nssdc.gsfc.nasa.gov/planetary/projectdata.html,NASA NSSDCA,JPL SSD planetary/satellite physical parameters,2026-10-04T15:58:58+00:00,catalogued,"1 = documented successful mission/mission phase; 0 = documented unsuccessful; blank = active, partial, planned, or ambiguous",Derived from sourced values; solar flux assumes inverse-square scaling from heliocentric semimajor-axis proxy; light time uses JPL au/c constant.,0.0001295620004988,0.0001295614369034,0.0002591234374023,182.63083247006344,0.999965200908259,278.49757708161906,earth_like,8.316891108653978,16.633782217307957,0.2126899016979446,1.0,45.5,idealized_two_body_earth_to_target_orbit_proxy,idealized_blackbody_proxy,solar_flux_proxy_not_radiation_dose,,,,,,,,mission-catalogue provenance from V2,,,,16.633782217307957,0.999965200908259,,0,1.2956171870114999e-05,0.005544594072435986,0.03966666666666666,7.556658242360181e-06,98.9,transparent heuristic screening index; NOT ML probability,requires separately curated future-feasibility label,V2 mission catalogue + V3 target physics + V4 analytical physics + official mission enrichments where available
VORNIS-M0081,Surveyor 5,NASA,Moon,Moon,1,Lander,lander,,1967.0,,,,,,,,not provided in NSSDCA catalog index; blank rather than inferred,,,Completed,Completed,1.0,1.0,Moon,moon,Earth,0.07342,1737.4,3.344,1.62,0.1651940265024244,2.38,1.0000174,0.999965200908259,8.316891108653978,1.0,,0,0,1,0,0,0,1,4,50.0,historical_mission_outcome,NASA NSSDCA planetary mission catalog,https://nssdc.gsfc.nasa.gov/planetary/projectdata.html,NASA NSSDCA,JPL SSD planetary/satellite physical parameters,2026-10-04T15:58:58+00:00,catalogued,"1 = documented successful mission/mission phase; 0 = documented unsuccessful; blank = active, partial, planned, or ambiguous",Derived from sourced values; solar flux assumes inverse-square scaling from heliocentric semimajor-axis proxy; light time uses JPL au/c constant.,0.0001295620004988,0.0001295614369034,0.0002591234374023,182.63083247006344,0.999965200908259,278.49757708161906,earth_like,8.316891108653978,16.633782217307957,0.2126899016979446,1.0,45.5,idealized_two_body_earth_to_target_orbit_proxy,idealized_blackbody_proxy,solar_flux_proxy_not_radiation_dose,,,,,,,,mission-catalogue provenance from V2,,,,16.633782217307957,0.999965200908259,,0,1.2956171870114999e-05,0.005544594072435986,0.03966666666666666,7.556658242360181e-06,98.9,transparent heuristic screening index; NOT ML probability,requires separately curated future-feasibility label,V2 mission catalogue + V3 target physics + V4 analytical physics + official mission enrichments where available
VORNIS-M0082,Surveyor 6,NASA,Moon,Moon,1,Lander,lander,,1967.0,,,,,,,,not provided in NSSDCA catalog index; blank rather than inferred,,,Completed,Completed,1.0,1.0,Moon,moon,Earth,0.07342,1737.4,3.344,1.62,0.1651940265024244,2.38,1.0000174,0.999965200908259,8.316891108653978,1.0,,0,0,1,0,0,0,1,4,50.0,historical_mission_outcome,NASA NSSDCA planetary mission catalog,https://nssdc.gsfc.nasa.gov/planetary/projectdata.html,NASA NSSDCA,JPL SSD planetary/satellite physical parameters,2026-10-04T15:58:58+00:00,catalogued,"1 = documented successful mission/mission phase; 0 = documented unsuccessful; blank = active, partial, planned, or ambiguous",Derived from sourced values; solar flux assumes inverse-square scaling from heliocentric semimajor-axis proxy; light time uses JPL au/c constant.,0.0001295620004988,0.0001295614369034,0.0002591234374023,182.63083247006344,0.999965200908259,278.49757708161906,earth_like,8.316891108653978,16.633782217307957,0.2126899016979446,1.0,45.5,idealized_two_body_earth_to_target_orbit_proxy,idealized_blackbody_proxy,solar_flux_proxy_not_radiation_dose,,,,,,,,mission-catalogue provenance from V2,,,,16.633782217307957,0.999965200908259,,0,1.2956171870114999e-05,0.005544594072435986,0.03966666666666666,7.556658242360181e-06,98.9,transparent heuristic screening index; NOT ML probability,requires separately curated future-feasibility label,V2 mission catalogue + V3 target physics + V4 analytical physics + official mission enrichments where available
VORNIS-M0083,Surveyor 7,NASA,Moon,Moon,1,Lander,lander,,1968.0,,,,,,,,not provided in NSSDCA catalog index; blank rather than inferred,,,Completed,Completed,1.0,1.0,Moon,moon,Earth,0.07342,1737.4,3.344,1.62,0.1651940265024244,2.38,1.0000174,0.999965200908259,8.316891108653978,1.0,,0,0,1,0,0,0,1,4,50.0,historical_mission_outcome,NASA NSSDCA planetary mission catalog,https://nssdc.gsfc.nasa.gov/planetary/projectdata.html,NASA NSSDCA,JPL SSD planetary/satellite physical parameters,2026-10-04T15:58:58+00:00,catalogued,"1 = documented successful mission/mission phase; 0 = documented unsuccessful; blank = active, partial, planned, or ambiguous",Derived from sourced values; solar flux assumes inverse-square scaling from heliocentric semimajor-axis proxy; light time uses JPL au/c constant.,0.0001295620004988,0.0001295614369034,0.0002591234374023,182.63083247006344,0.999965200908259,278.49757708161906,earth_like,8.316891108653978,16.633782217307957,0.2126899016979446,1.0,45.5,idealized_two_body_earth_to_target_orbit_proxy,idealized_blackbody_proxy,solar_flux_proxy_not_radiation_dose,,,,,,,,mission-catalogue provenance from V2,,,,16.633782217307957,0.999965200908259,,0,1.2956171870114999e-05,0.005544594072435986,0.03966666666666666,7.556658242360181e-06,98.9,transparent heuristic screening index; NOT ML probability,requires separately curated future-feasibility label,V2 mission catalogue + V3 target physics + V4 analytical physics + official mission enrichments where available
VORNIS-M0084,Ranger 7,NASA,Moon,Moon,1,Impactor,impactor,,1964.0,,,,,,,,not provided in NSSDCA catalog index; blank rather than inferred,,,Completed,Completed,1.0,1.0,Moon,moon,Earth,0.07342,1737.4,3.344,1.62,0.1651940265024244,2.38,1.0000174,0.999965200908259,8.316891108653978,1.0,,0,0,0,0,0,1,0,4,50.0,historical_mission_outcome,NASA NSSDCA planetary mission catalog,https://nssdc.gsfc.nasa.gov/planetary/projectdata.html,NASA NSSDCA,JPL SSD planetary/satellite physical parameters,2026-10-04T15:58:58+00:00,catalogued,"1 = documented successful mission/mission phase; 0 = documented unsuccessful; blank = active, partial, planned, or ambiguous",Derived from sourced values; solar flux assumes inverse-square scaling from heliocentric semimajor-axis proxy; light time uses JPL au/c constant.,0.0001295620004988,0.0001295614369034,0.0002591234374023,182.63083247006344,0.999965200908259,278.49757708161906,earth_like,8.316891108653978,16.633782217307957,0.2126899016979446,1.0,45.5,idealized_two_body_earth_to_target_orbit_proxy,idealized_blackbody_proxy,solar_flux_proxy_not_radiation_dose,,,,,,,,mission-catalogue provenance from V2,,,,16.633782217307957,0.999965200908259,,0,1.2956171870114999e-05,0.005544594072435986,0.03966666666666666,7.556658242360181e-06,98.9,transparent heuristic screening index; NOT ML probability,requires separately curated future-feasibility label,V2 mission catalogue + V3 target physics + V4 analytical physics + official mission enrichments where available
VORNIS-M0085,Ranger 8,NASA,Moon,Moon,1,Impactor,impactor,,1965.0,,,,,,,,not provided in NSSDCA catalog index; blank rather than inferred,,,Completed,Completed,1.0,1.0,Moon,moon,Earth,0.07342,1737.4,3.344,1.62,0.1651940265024244,2.38,1.0000174,0.999965200908259,8.316891108653978,1.0,,0,0,0,0,0,1,0,4,50.0,historical_mission_outcome,NASA NSSDCA planetary mission catalog,https://nssdc.gsfc.nasa.gov/planetary/projectdata.html,NASA NSSDCA,JPL SSD planetary/satellite physical parameters,2026-10-04T15:58:58+00:00,catalogued,"1 = documented successful mission/mission phase; 0 = documented unsuccessful; blank = active, partial, planned, or ambiguous",Derived from sourced values; solar flux assumes inverse-square scaling from heliocentric semimajor-axis proxy; light time uses JPL au/c constant.,0.0001295620004988,0.0001295614369034,0.0002591234374023,182.63083247006344,0.999965200908259,278.49757708161906,earth_like,8.316891108653978,16.633782217307957,0.2126899016979446,1.0,45.5,idealized_two_body_earth_to_target_orbit_proxy,idealized_blackbody_proxy,solar_flux_proxy_not_radiation_dose,,,,,,,,mission-catalogue provenance from V2,,,,16.633782217307957,0.999965200908259,,0,1.2956171870114999e-05,0.005544594072435986,0.03966666666666666,7.556658242360181e-06,98.9,transparent heuristic screening index; NOT ML probability,requires separately curated future-feasibility label,V2 mission catalogue + V3 target physics + V4 analytical physics + official mission enrichments where available
VORNIS-M0086,Ranger 9,NASA,Moon,Moon,1,Impactor,impactor,,1965.0,,,,,,,,not provided in NSSDCA catalog index; blank rather than inferred,,,Completed,Completed,1.0,1.0,Moon,moon,Earth,0.07342,1737.4,3.344,1.62,0.1651940265024244,2.38,1.0000174,0.999965200908259,8.316891108653978,1.0,,0,0,0,0,0,1,0,4,50.0,historical_mission_outcome,NASA NSSDCA planetary mission catalog,https://nssdc.gsfc.nasa.gov/planetary/projectdata.html,NASA NSSDCA,JPL SSD planetary/satellite physical parameters,2026-10-04T15:58:58+00:00,catalogued,"1 = documented successful mission/mission phase; 0 = documented unsuccessful; blank = active, partial, planned, or ambiguous",Derived from sourced values; solar flux assumes inverse-square scaling from heliocentric semimajor-axis proxy; light time uses JPL au/c constant.,0.0001295620004988,0.0001295614369034,0.0002591234374023,182.63083247006344,0.999965200908259,278.49757708161906,earth_like,8.316891108653978,16.633782217307957,0.2126899016979446,1.0,45.5,idealized_two_body_earth_to_target_orbit_proxy,idealized_blackbody_proxy,solar_flux_proxy_not_radiation_dose,,,,,,,,mission-catalogue provenance from V2,,,,16.633782217307957,0.999965200908259,,0,1.2956171870114999e-05,0.005544594072435986,0.03966666666666666,7.556658242360181e-06,98.9,transparent heuristic screening index; NOT ML probability,requires separately curated future-feasibility label,V2 mission catalogue + V3 target physics + V4 analytical physics + official mission enrichments where available
VORNIS-M0087,Apollo 8,NASA,Moon,Moon,1,Crewed lunar flyby,mixed,,1968.0,,,,,,,,not provided in NSSDCA catalog index; blank rather than inferred,,,Completed,Completed,1.0,1.0,Moon,moon,Earth,0.07342,1737.4,3.344,1.62,0.1651940265024244,2.38,1.0000174,0.999965200908259,8.316891108653978,1.0,,0,0,0,0,0,0,0,4,50.0,historical_mission_outcome,NASA NSSDCA planetary mission catalog,https://nssdc.gsfc.nasa.gov/planetary/projectdata.html,NASA NSSDCA,JPL SSD planetary/satellite physical parameters,2026-10-04T15:58:58+00:00,catalogued,"1 = documented successful mission/mission phase; 0 = documented unsuccessful; blank = active, partial, planned, or ambiguous",Derived from sourced values; solar flux assumes inverse-square scaling from heliocentric semimajor-axis proxy; light time uses JPL au/c constant.,0.0001295620004988,0.0001295614369034,0.0002591234374023,182.63083247006344,0.999965200908259,278.49757708161906,earth_like,8.316891108653978,16.633782217307957,0.2126899016979446,1.0,45.5,idealized_two_body_earth_to_target_orbit_proxy,idealized_blackbody_proxy,solar_flux_proxy_not_radiation_dose,,,,,,,,mission-catalogue provenance from V2,,,,16.633782217307957,0.999965200908259,,0,1.2956171870114999e-05,0.005544594072435986,0.03966666666666666,7.556658242360181e-06,98.9,transparent heuristic screening index; NOT ML probability,requires separately curated future-feasibility label,V2 mission catalogue + V3 target physics + V4 analytical physics + official mission enrichments where available
VORNIS-M0088,Apollo 10,NASA,Moon,Moon,1,Crewed lunar orbit / landing rehearsal,mixed,,1969.0,,,,,,,,not provided in NSSDCA catalog index; blank rather than inferred,,,Completed,Completed,1.0,1.0,Moon,moon,Earth,0.07342,1737.4,3.344,1.62,0.1651940265024244,2.38,1.0000174,0.999965200908259,8.316891108653978,1.0,,0,0,0,0,0,0,0,4,50.0,historical_mission_outcome,NASA NSSDCA planetary mission catalog,https://nssdc.gsfc.nasa.gov/planetary/projectdata.html,NASA NSSDCA,JPL SSD planetary/satellite physical parameters,2026-10-04T15:58:58+00:00,catalogued,"1 = documented successful mission/mission phase; 0 = documented unsuccessful; blank = active, partial, planned, or ambiguous",Derived from sourced values; solar flux assumes inverse-square scaling from heliocentric semimajor-axis proxy; light time uses JPL au/c constant.,0.0001295620004988,0.0001295614369034,0.0002591234374023,182.63083247006344,0.999965200908259,278.49757708161906,earth_like,8.316891108653978,16.633782217307957,0.2126899016979446,1.0,45.5,idealized_two_body_earth_to_target_orbit_proxy,idealized_blackbody_proxy,solar_flux_proxy_not_radiation_dose,,,,,,,,mission-catalogue provenance from V2,,,,16.633782217307957,0.999965200908259,,0,1.2956171870114999e-05,0.005544594072435986,0.03966666666666666,7.556658242360181e-06,98.9,transparent heuristic screening index; NOT ML probability,requires separately curated future-feasibility label,V2 mission catalogue + V3 target physics + V4 analytical physics + official mission enrichments where available
VORNIS-M0089,Apollo 11,NASA,Moon,Moon,1,Crewed lander,mixed,,1969.0,,,,,,,,not provided in NSSDCA catalog index; blank rather than inferred,,,Completed,Completed,1.0,1.0,Moon,moon,Earth,0.07342,1737.4,3.344,1.62,0.1651940265024244,2.38,1.0000174,0.999965200908259,8.316891108653978,1.0,,0,0,0,0,0,0,0,4,50.0,historical_mission_outcome,NASA NSSDCA planetary mission catalog,https://nssdc.gsfc.nasa.gov/planetary/projectdata.html,NASA NSSDCA,JPL SSD planetary/satellite physical parameters,2026-10-04T15:58:58+00:00,catalogued,"1 = documented successful mission/mission phase; 0 = documented unsuccessful; blank = active, partial, planned, or ambiguous",Derived from sourced values; solar flux assumes inverse-square scaling from heliocentric semimajor-axis proxy; light time uses JPL au/c constant.,0.0001295620004988,0.0001295614369034,0.0002591234374023,182.63083247006344,0.999965200908259,278.49757708161906,earth_like,8.316891108653978,16.633782217307957,0.2126899016979446,1.0,45.5,idealized_two_body_earth_to_target_orbit_proxy,idealized_blackbody_proxy,solar_flux_proxy_not_radiation_dose,,,,,,,,mission-catalogue provenance from V2,,,,16.633782217307957,0.999965200908259,,0,1.2956171870114999e-05,0.005544594072435986,0.03966666666666666,7.556658242360181e-06,98.9,transparent heuristic screening index; NOT ML probability,requires separately curated future-feasibility label,V2 mission catalogue + V3 target physics + V4 analytical physics + official mission enrichments where available
VORNIS-M0090,Apollo 12,NASA,Moon,Moon,1,Crewed lander,mixed,,1969.0,,,,,,,,not provided in NSSDCA catalog index; blank rather than inferred,,,Completed,Completed,1.0,1.0,Moon,moon,Earth,0.07342,1737.4,3.344,1.62,0.1651940265024244,2.38,1.0000174,0.999965200908259,8.316891108653978,1.0,,0,0,0,0,0,0,0,4,50.0,historical_mission_outcome,NASA NSSDCA planetary mission catalog,https://nssdc.gsfc.nasa.gov/planetary/projectdata.html,NASA NSSDCA,JPL SSD planetary/satellite physical parameters,2026-10-04T15:58:58+00:00,catalogued,"1 = documented successful mission/mission phase; 0 = documented unsuccessful; blank = active, partial, planned, or ambiguous",Derived from sourced values; solar flux assumes inverse-square scaling from heliocentric semimajor-axis proxy; light time uses JPL au/c constant.,0.0001295620004988,0.0001295614369034,0.0002591234374023,182.63083247006344,0.999965200908259,278.49757708161906,earth_like,8.316891108653978,16.633782217307957,0.2126899016979446,1.0,45.5,idealized_two_body_earth_to_target_orbit_proxy,idealized_blackbody_proxy,solar_flux_proxy_not_radiation_dose,,,,,,,,mission-catalogue provenance from V2,,,,16.633782217307957,0.999965200908259,,0,1.2956171870114999e-05,0.005544594072435986,0.03966666666666666,7.556658242360181e-06,98.9,transparent heuristic screening index; NOT ML probability,requires separately curated future-feasibility label,V2 mission catalogue + V3 target physics + V4 analytical physics + official mission enrichments where available
VORNIS-M0091,Apollo 13,NASA,Moon,Moon,1,Crewed lunar free-return,mixed,,1970.0,,,,,,,,not provided in NSSDCA catalog index; blank rather than inferred,,,Partial; lunar landing aborted,Partial; lunar landing aborted,,,Moon,moon,Earth,0.07342,1737.4,3.344,1.62,0.1651940265024244,2.38,1.0000174,0.999965200908259,8.316891108653978,1.0,,0,0,0,0,0,0,0,4,50.0,unlabeled,NASA NSSDCA planetary mission catalog,https://nssdc.gsfc.nasa.gov/planetary/projectdata.html,NASA NSSDCA,JPL SSD planetary/satellite physical parameters,2026-10-04T15:58:58+00:00,catalogued,"1 = documented successful mission/mission phase; 0 = documented unsuccessful; blank = active, partial, planned, or ambiguous",Derived from sourced values; solar flux assumes inverse-square scaling from heliocentric semimajor-axis proxy; light time uses JPL au/c constant.,0.0001295620004988,0.0001295614369034,0.0002591234374023,182.63083247006344,0.999965200908259,278.49757708161906,earth_like,8.316891108653978,16.633782217307957,0.2126899016979446,1.0,45.5,idealized_two_body_earth_to_target_orbit_proxy,idealized_blackbody_proxy,solar_flux_proxy_not_radiation_dose,,,,,,,,mission-catalogue provenance from V2,,,,16.633782217307957,0.999965200908259,,0,1.2956171870114999e-05,0.005544594072435986,0.03966666666666666,7.556658242360181e-06,98.9,transparent heuristic screening index; NOT ML probability,requires separately curated future-feasibility label,V2 mission catalogue + V3 target physics + V4 analytical physics + official mission enrichments where available
VORNIS-M0092,Apollo 14,NASA,Moon,Moon,1,Crewed lander,mixed,,1971.0,,,,,,,,not provided in NSSDCA catalog index; blank rather than inferred,,,Completed,Completed,1.0,1.0,Moon,moon,Earth,0.07342,1737.4,3.344,1.62,0.1651940265024244,2.38,1.0000174,0.999965200908259,8.316891108653978,1.0,,0,0,0,0,0,0,0,4,50.0,historical_mission_outcome,NASA NSSDCA planetary mission catalog,https://nssdc.gsfc.nasa.gov/planetary/projectdata.html,NASA NSSDCA,JPL SSD planetary/satellite physical parameters,2026-10-04T15:58:58+00:00,catalogued,"1 = documented successful mission/mission phase; 0 = documented unsuccessful; blank = active, partial, planned, or ambiguous",Derived from sourced values; solar flux assumes inverse-square scaling from heliocentric semimajor-axis proxy; light time uses JPL au/c constant.,0.0001295620004988,0.0001295614369034,0.0002591234374023,182.63083247006344,0.999965200908259,278.49757708161906,earth_like,8.316891108653978,16.633782217307957,0.2126899016979446,1.0,45.5,idealized_two_body_earth_to_target_orbit_proxy,idealized_blackbody_proxy,solar_flux_proxy_not_radiation_dose,,,,,,,,mission-catalogue provenance from V2,,,,16.633782217307957,0.999965200908259,,0,1.2956171870114999e-05,0.005544594072435986,0.03966666666666666,7.556658242360181e-06,98.9,transparent heuristic screening index; NOT ML probability,requires separately curated future-feasibility label,V2 mission catalogue + V3 target physics + V4 analytical physics + official mission enrichments where available
VORNIS-M0093,Apollo 15,NASA,Moon,Moon,1,Crewed lander + rover,mixed,,1971.0,,,,,,,,not provided in NSSDCA catalog index; blank rather than inferred,,,Completed,Completed,1.0,1.0,Moon,moon,Earth,0.07342,1737.4,3.344,1.62,0.1651940265024244,2.38,1.0000174,0.999965200908259,8.316891108653978,1.0,,0,0,0,0,0,0,0,4,50.0,historical_mission_outcome,NASA NSSDCA planetary mission catalog,https://nssdc.gsfc.nasa.gov/planetary/projectdata.html,NASA NSSDCA,JPL SSD planetary/satellite physical parameters,2026-10-04T15:58:58+00:00,catalogued,"1 = documented successful mission/mission phase; 0 = documented unsuccessful; blank = active, partial, planned, or ambiguous",Derived from sourced values; solar flux assumes inverse-square scaling from heliocentric semimajor-axis proxy; light time uses JPL au/c constant.,0.0001295620004988,0.0001295614369034,0.0002591234374023,182.63083247006344,0.999965200908259,278.49757708161906,earth_like,8.316891108653978,16.633782217307957,0.2126899016979446,1.0,45.5,idealized_two_body_earth_to_target_orbit_proxy,idealized_blackbody_proxy,solar_flux_proxy_not_radiation_dose,,,,,,,,mission-catalogue provenance from V2,,,,16.633782217307957,0.999965200908259,,0,1.2956171870114999e-05,0.005544594072435986,0.03966666666666666,7.556658242360181e-06,98.9,transparent heuristic screening index; NOT ML probability,requires separately curated future-feasibility label,V2 mission catalogue + V3 target physics + V4 analytical physics + official mission enrichments where available
VORNIS-M0094,Apollo 16,NASA,Moon,Moon,1,Crewed lander + rover,mixed,,1972.0,,,,,,,,not provided in NSSDCA catalog index; blank rather than inferred,,,Completed,Completed,1.0,1.0,Moon,moon,Earth,0.07342,1737.4,3.344,1.62,0.1651940265024244,2.38,1.0000174,0.999965200908259,8.316891108653978,1.0,,0,0,0,0,0,0,0,4,50.0,historical_mission_outcome,NASA NSSDCA planetary mission catalog,https://nssdc.gsfc.nasa.gov/planetary/projectdata.html,NASA NSSDCA,JPL SSD planetary/satellite physical parameters,2026-10-04T15:58:58+00:00,catalogued,"1 = documented successful mission/mission phase; 0 = documented unsuccessful; blank = active, partial, planned, or ambiguous",Derived from sourced values; solar flux assumes inverse-square scaling from heliocentric semimajor-axis proxy; light time uses JPL au/c constant.,0.0001295620004988,0.0001295614369034,0.0002591234374023,182.63083247006344,0.999965200908259,278.49757708161906,earth_like,8.316891108653978,16.633782217307957,0.2126899016979446,1.0,45.5,idealized_two_body_earth_to_target_orbit_proxy,idealized_blackbody_proxy,solar_flux_proxy_not_radiation_dose,,,,,,,,mission-catalogue provenance from V2,,,,16.633782217307957,0.999965200908259,,0,1.2956171870114999e-05,0.005544594072435986,0.03966666666666666,7.556658242360181e-06,98.9,transparent heuristic screening index; NOT ML probability,requires separately curated future-feasibility label,V2 mission catalogue + V3 target physics + V4 analytical physics + official mission enrichments where available
VORNIS-M0095,Apollo 17,NASA,Moon,Moon,1,Crewed lander + rover,mixed,,1972.0,,,,,,,,not provided in NSSDCA catalog index; blank rather than inferred,,,Completed,Completed,1.0,1.0,Moon,moon,Earth,0.07342,1737.4,3.344,1.62,0.1651940265024244,2.38,1.0000174,0.999965200908259,8.316891108653978,1.0,,0,0,0,0,0,0,0,4,50.0,historical_mission_outcome,NASA NSSDCA planetary mission catalog,https://nssdc.gsfc.nasa.gov/planetary/projectdata.html,NASA NSSDCA,JPL SSD planetary/satellite physical parameters,2026-10-04T15:58:58+00:00,catalogued,"1 = documented successful mission/mission phase; 0 = documented unsuccessful; blank = active, partial, planned, or ambiguous",Derived from sourced values; solar flux assumes inverse-square scaling from heliocentric semimajor-axis proxy; light time uses JPL au/c constant.,0.0001295620004988,0.0001295614369034,0.0002591234374023,182.63083247006344,0.999965200908259,278.49757708161906,earth_like,8.316891108653978,16.633782217307957,0.2126899016979446,1.0,45.5,idealized_two_body_earth_to_target_orbit_proxy,idealized_blackbody_proxy,solar_flux_proxy_not_radiation_dose,,,,,,,,mission-catalogue provenance from V2,,,,16.633782217307957,0.999965200908259,,0,1.2956171870114999e-05,0.005544594072435986,0.03966666666666666,7.556658242360181e-06,98.9,transparent heuristic screening index; NOT ML probability,requires separately curated future-feasibility label,V2 mission catalogue + V3 target physics + V4 analytical physics + official mission enrichments where available
VORNIS-M0096,Chang'e 1,China,Moon,Moon,1,Orbiter,orbiter,,2007.0,,,,,,,,not provided in NSSDCA catalog index; blank rather than inferred,,,Completed,Completed,1.0,1.0,Moon,moon,Earth,0.07342,1737.4,3.344,1.62,0.1651940265024244,2.38,1.0000174,0.999965200908259,8.316891108653978,1.0,,0,1,0,0,0,0,0,4,50.0,historical_mission_outcome,NASA NSSDCA planetary mission catalog,https://nssdc.gsfc.nasa.gov/planetary/projectdata.html,NASA NSSDCA,JPL SSD planetary/satellite physical parameters,2026-10-04T15:58:58+00:00,catalogued,"1 = documented successful mission/mission phase; 0 = documented unsuccessful; blank = active, partial, planned, or ambiguous",Derived from sourced values; solar flux assumes inverse-square scaling from heliocentric semimajor-axis proxy; light time uses JPL au/c constant.,0.0001295620004988,0.0001295614369034,0.0002591234374023,182.63083247006344,0.999965200908259,278.49757708161906,earth_like,8.316891108653978,16.633782217307957,0.2126899016979446,1.0,45.5,idealized_two_body_earth_to_target_orbit_proxy,idealized_blackbody_proxy,solar_flux_proxy_not_radiation_dose,,,,,,,,mission-catalogue provenance from V2,,,,16.633782217307957,0.999965200908259,,0,1.2956171870114999e-05,0.005544594072435986,0.03966666666666666,7.556658242360181e-06,98.9,transparent heuristic screening index; NOT ML probability,requires separately curated future-feasibility label,V2 mission catalogue + V3 target physics + V4 analytical physics + official mission enrichments where available
VORNIS-M0097,Chang'e 2,China,Moon; 4179 Toutatis,Moon,2,Orbiter + Flyby,mixed,,2010.0,,,,,,,,not provided in NSSDCA catalog index; blank rather than inferred,,,Completed,Completed,1.0,1.0,Moon,moon,Earth,0.07342,1737.4,3.344,1.62,0.1651940265024244,2.38,1.0000174,0.999965200908259,8.316891108653978,1.0,,0,0,0,0,0,0,0,4,50.0,historical_mission_outcome,NASA NSSDCA planetary mission catalog,https://nssdc.gsfc.nasa.gov/planetary/projectdata.html,NASA NSSDCA,JPL SSD planetary/satellite physical parameters,2026-10-04T15:58:58+00:00,catalogued,"1 = documented successful mission/mission phase; 0 = documented unsuccessful; blank = active, partial, planned, or ambiguous",Derived from sourced values; solar flux assumes inverse-square scaling from heliocentric semimajor-axis proxy; light time uses JPL au/c constant.,0.0001295620004988,0.0001295614369034,0.0002591234374023,182.63083247006344,0.999965200908259,278.49757708161906,earth_like,8.316891108653978,16.633782217307957,0.2126899016979446,1.0,45.5,idealized_two_body_earth_to_target_orbit_proxy,idealized_blackbody_proxy,solar_flux_proxy_not_radiation_dose,,,,,,,,mission-catalogue provenance from V2,,,,16.633782217307957,0.999965200908259,,0,1.2956171870114999e-05,0.005544594072435986,0.03966666666666666,7.556658242360181e-06,98.9,transparent heuristic screening index; NOT ML probability,requires separately curated future-feasibility label,V2 mission catalogue + V3 target physics + V4 analytical physics + official mission enrichments where available
VORNIS-M0098,Chang'e 3,China,Moon,Moon,1,Lander + Rover,mixed,,2013.0,,,,,,,,not provided in NSSDCA catalog index; blank rather than inferred,,,Completed,Completed,1.0,1.0,Moon,moon,Earth,0.07342,1737.4,3.344,1.62,0.1651940265024244,2.38,1.0000174,0.999965200908259,8.316891108653978,1.0,,0,0,0,0,0,0,0,4,50.0,historical_mission_outcome,NASA NSSDCA planetary mission catalog,https://nssdc.gsfc.nasa.gov/planetary/projectdata.html,NASA NSSDCA,JPL SSD planetary/satellite physical parameters,2026-10-04T15:58:58+00:00,catalogued,"1 = documented successful mission/mission phase; 0 = documented unsuccessful; blank = active, partial, planned, or ambiguous",Derived from sourced values; solar flux assumes inverse-square scaling from heliocentric semimajor-axis proxy; light time uses JPL au/c constant.,0.0001295620004988,0.0001295614369034,0.0002591234374023,182.63083247006344,0.999965200908259,278.49757708161906,earth_like,8.316891108653978,16.633782217307957,0.2126899016979446,1.0,45.5,idealized_two_body_earth_to_target_orbit_proxy,idealized_blackbody_proxy,solar_flux_proxy_not_radiation_dose,,,,,,,,mission-catalogue provenance from V2,,,,16.633782217307957,0.999965200908259,,0,1.2956171870114999e-05,0.005544594072435986,0.03966666666666666,7.556658242360181e-06,98.9,transparent heuristic screening index; NOT ML probability,requires separately curated future-feasibility label,V2 mission catalogue + V3 target physics + V4 analytical physics + official mission enrichments where available
VORNIS-M0099,Chandrayaan-2 Orbiter,ISRO,Moon,Moon,1,Orbiter,orbiter,,2019.0,,,,,,,,not provided in NSSDCA catalog index; blank rather than inferred,,,Operational,Operational,,,Moon,moon,Earth,0.07342,1737.4,3.344,1.62,0.1651940265024244,2.38,1.0000174,0.999965200908259,8.316891108653978,1.0,,0,1,0,0,0,0,0,4,50.0,unlabeled,NASA NSSDCA planetary mission catalog,https://nssdc.gsfc.nasa.gov/planetary/projectdata.html,NASA NSSDCA,JPL SSD planetary/satellite physical parameters,2026-10-04T15:58:58+00:00,catalogued,"1 = documented successful mission/mission phase; 0 = documented unsuccessful; blank = active, partial, planned, or ambiguous",Derived from sourced values; solar flux assumes inverse-square scaling from heliocentric semimajor-axis proxy; light time uses JPL au/c constant.,0.0001295620004988,0.0001295614369034,0.0002591234374023,182.63083247006344,0.999965200908259,278.49757708161906,earth_like,8.316891108653978,16.633782217307957,0.2126899016979446,1.0,45.5,idealized_two_body_earth_to_target_orbit_proxy,idealized_blackbody_proxy,solar_flux_proxy_not_radiation_dose,,,,,,,,mission-catalogue provenance from V2,,,,16.633782217307957,0.999965200908259,,0,1.2956171870114999e-05,0.005544594072435986,0.03966666666666666,7.556658242360181e-06,98.9,transparent heuristic screening index; NOT ML probability,requires separately curated future-feasibility label,V2 mission catalogue + V3 target physics + V4 analytical physics + official mission enrichments where available
VORNIS-M0100,Chandrayaan-2 Vikram,ISRO,Moon,Moon,1,Lander,lander,,2019.0,,,,,,,,not provided in NSSDCA catalog index; blank rather than inferred,,,Unsuccessful landing,Unsuccessful landing,0.0,0.0,Moon,moon,Earth,0.07342,1737.4,3.344,1.62,0.1651940265024244,2.38,1.0000174,0.999965200908259,8.316891108653978,1.0,,0,0,1,0,0,0,1,4,50.0,historical_mission_outcome,NASA NSSDCA planetary mission catalog,https://nssdc.gsfc.nasa.gov/planetary/projectdata.html,NASA NSSDCA,JPL SSD planetary/satellite physical parameters,2026-10-04T15:58:58+00:00,catalogued,"1 = documented successful mission/mission phase; 0 = documented unsuccessful; blank = active, partial, planned, or ambiguous",Derived from sourced values; solar flux assumes inverse-square scaling from heliocentric semimajor-axis proxy; light time uses JPL au/c constant.,0.0001295620004988,0.0001295614369034,0.0002591234374023,182.63083247006344,0.999965200908259,278.49757708161906,earth_like,8.316891108653978,16.633782217307957,0.2126899016979446,1.0,45.5,idealized_two_body_earth_to_target_orbit_proxy,idealized_blackbody_proxy,solar_flux_proxy_not_radiation_dose,,,,,,,,mission-catalogue provenance from V2,,,,16.633782217307957,0.999965200908259,,0,1.2956171870114999e-05,0.005544594072435986,0.03966666666666666,7.556658242360181e-06,98.9,transparent heuristic screening index; NOT ML probability,requires separately curated future-feasibility label,V2 mission catalogue + V3 target physics + V4 analytical physics + official mission enrichments where available
VORNIS-M0101,Chandrayaan-3,ISRO,Moon,Moon,1,Lander + Rover,mixed,,2023.0,,,,,,,,not provided in NSSDCA catalog index; blank rather than inferred,,,Completed landing mission,Completed landing mission,1.0,1.0,Moon,moon,Earth,0.07342,1737.4,3.344,1.62,0.1651940265024244,2.38,1.0000174,0.999965200908259,8.316891108653978,1.0,,0,0,0,0,0,0,0,4,50.0,historical_mission_outcome,NASA NSSDCA planetary mission catalog,https://nssdc.gsfc.nasa.gov/planetary/projectdata.html,NASA NSSDCA,JPL SSD planetary/satellite physical parameters,2026-10-04T15:58:58+00:00,catalogued,"1 = documented successful mission/mission phase; 0 = documented unsuccessful; blank = active, partial, planned, or ambiguous",Derived from sourced values; solar flux assumes inverse-square scaling from heliocentric semimajor-axis proxy; light time uses JPL au/c constant.,0.0001295620004988,0.0001295614369034,0.0002591234374023,182.63083247006344,0.999965200908259,278.49757708161906,earth_like,8.316891108653978,16.633782217307957,0.2126899016979446,1.0,45.5,idealized_two_body_earth_to_target_orbit_proxy,idealized_blackbody_proxy,solar_flux_proxy_not_radiation_dose,,,,,,,,mission-catalogue provenance from V2,,,,16.633782217307957,0.999965200908259,,0,1.2956171870114999e-05,0.005544594072435986,0.03966666666666666,7.556658242360181e-06,98.9,transparent heuristic screening index; NOT ML probability,requires separately curated future-feasibility label,V2 mission catalogue + V3 target physics + V4 analytical physics + official mission enrichments where available
VORNIS-M0102,Mars Orbiter Mission (Mangalyaan),ISRO,Mars,Mars,1,Orbiter,orbiter,,2013.0,,,,,,,,not provided in NSSDCA catalog index; blank rather than inferred,,,Completed,Completed,1.0,1.0,Mars,planet,Sun,0.641691,3389.5,3.934,3.71,0.3783147150148114,5.03,1.523679,0.4307378501176276,12.672051833840875,1.0,,0,1,0,0,0,0,0,4,50.0,historical_mission_outcome,NASA NSSDCA planetary mission catalog,https://nssdc.gsfc.nasa.gov/planetary/projectdata.html,NASA NSSDCA,JPL SSD planetary/satellite physical parameters,2026-10-04T15:58:58+00:00,catalogued,"1 = documented successful mission/mission phase; 0 = documented unsuccessful; blank = active, partial, planned, or ambiguous",Derived from sourced values; solar flux assumes inverse-square scaling from heliocentric semimajor-axis proxy; light time uses JPL au/c constant.,2.944689256382638,2.6488952292183257,5.593584485600964,258.8657588951053,0.4307378501176276,225.6204486710327,earth_like,12.672051833840875,25.344103667681757,0.449508489722967,1.0,45.5,idealized_two_body_earth_to_target_orbit_proxy,idealized_blackbody_proxy,solar_flux_proxy_not_radiation_dose,,,,,,,,mission-catalogue provenance from V2,,,,25.344103667681757,0.4307378501176276,,0,0.2796792242800482,0.008448034555893916,0.08383333333333334,0.18289348195597238,86.1,transparent heuristic screening index; NOT ML probability,requires separately curated future-feasibility label,V2 mission catalogue + V3 target physics + V4 analytical physics + official mission enrichments where available
VORNIS-M0103,Aditya-L1,ISRO,Sun / Sun-Earth L1,Earth,1,Solar observatory,mixed,,2023.0,,,,,,,,not provided in NSSDCA catalog index; blank rather than inferred,,,Operational,Operational,,,Earth,planet,Sun,5.97217,6371.0084,5.5134,9.8,0.9993218887183698,11.19,1.0000174,0.999965200908259,8.316891108653978,1.0,,0,0,0,0,0,0,0,4,50.0,unlabeled,NASA NSSDCA planetary mission catalog,https://nssdc.gsfc.nasa.gov/planetary/projectdata.html,NASA NSSDCA,JPL SSD planetary/satellite physical parameters,2026-10-04T15:58:58+00:00,catalogued,"1 = documented successful mission/mission phase; 0 = documented unsuccessful; blank = active, partial, planned, or ambiguous",Derived from sourced values; solar flux assumes inverse-square scaling from heliocentric semimajor-axis proxy; light time uses JPL au/c constant.,0.0001295620004988,0.0001295614369034,0.0002591234374023,182.63083247006344,0.999965200908259,278.49757708161906,earth_like,8.316891108653978,16.633782217307957,1.0,1.0,45.5,idealized_two_body_earth_to_target_orbit_proxy,idealized_blackbody_proxy,solar_flux_proxy_not_radiation_dose,,,,,,,,mission-catalogue provenance from V2,,,,16.633782217307957,0.999965200908259,,0,1.2956171870114999e-05,0.005544594072435986,0.1865,7.556658242360181e-06,95.2,transparent heuristic screening index; NOT ML probability,requires separately curated future-feasibility label,V2 mission catalogue + V3 target physics + V4 analytical physics + official mission enrichments where available
VORNIS-M0104,XPoSat,ISRO,Earth orbit / X-ray sources,Earth,1,Space observatory,mixed,,2024.0,,,,,,,,not provided in NSSDCA catalog index; blank rather than inferred,,,Operational,Operational,,,Earth,planet,Sun,5.97217,6371.0084,5.5134,9.8,0.9993218887183698,11.19,1.0000174,0.999965200908259,8.316891108653978,1.0,,0,0,0,0,0,0,0,4,50.0,unlabeled,NASA NSSDCA planetary mission catalog,https://nssdc.gsfc.nasa.gov/planetary/projectdata.html,NASA NSSDCA,JPL SSD planetary/satellite physical parameters,2026-10-04T15:58:58+00:00,catalogued,"1 = documented successful mission/mission phase; 0 = documented unsuccessful; blank = active, partial, planned, or ambiguous",Derived from sourced values; solar flux assumes inverse-square scaling from heliocentric semimajor-axis proxy; light time uses JPL au/c constant.,0.0001295620004988,0.0001295614369034,0.0002591234374023,182.63083247006344,0.999965200908259,278.49757708161906,earth_like,8.316891108653978,16.633782217307957,1.0,1.0,45.5,idealized_two_body_earth_to_target_orbit_proxy,idealized_blackbody_proxy,solar_flux_proxy_not_radiation_dose,,,,,,,,mission-catalogue provenance from V2,,,,16.633782217307957,0.999965200908259,,0,1.2956171870114999e-05,0.005544594072435986,0.1865,7.556658242360181e-06,95.2,transparent heuristic screening index; NOT ML probability,requires separately curated future-feasibility label,V2 mission catalogue + V3 target physics + V4 analytical physics + official mission enrichments where available
VORNIS-M0105,Akatsuki,JAXA,Venus,Venus,1,Orbiter,orbiter,,2010.0,,,,,,,,not provided in NSSDCA catalog index; blank rather than inferred,,,Completed/mission ended,Completed/mission ended,1.0,1.0,Venus,planet,Sun,4.86731,6051.8,5.243,8.87,0.9044882809114224,10.36,0.723332,1.9112814414863863,6.015768805027692,1.0,,0,1,0,0,0,0,0,4,50.0,historical_mission_outcome,NASA NSSDCA planetary mission catalog,https://nssdc.gsfc.nasa.gov/planetary/projectdata.html,NASA NSSDCA,JPL SSD planetary/satellite physical parameters,2026-10-04T15:58:58+00:00,catalogued,"1 = documented successful mission/mission phase; 0 = documented unsuccessful; blank = active, partial, planned, or ambiguous",Derived from sourced values; solar flux assumes inverse-square scaling from heliocentric semimajor-axis proxy; light time uses JPL au/c constant.,2.495387039515929,2.706563446909321,5.20195048642525,146.07532668820045,1.9112814414863863,327.4585694527562,earth_like,6.015768805027692,12.031537610055384,0.9258266309204648,1.0,45.5,idealized_two_body_earth_to_target_orbit_proxy,idealized_blackbody_proxy,solar_flux_proxy_not_radiation_dose,,,,,,,,mission-catalogue provenance from V2,,,,12.031537610055384,1.9112814414863863,,0,0.26009752432126254,0.004010512536685128,0.17266666666666666,0.14066232141469456,85.6,transparent heuristic screening index; NOT ML probability,requires separately curated future-feasibility label,V2 mission catalogue + V3 target physics + V4 analytical physics + official mission enrichments where available
VORNIS-M0106,Hayabusa,JAXA,25143 Itokawa,Itokawa,1,Sample Return,sample_return,,2003.0,,,,,,,,not provided in NSSDCA catalog index; blank rather than inferred,,,Completed,Completed,1.0,1.0,,,,,,,,,,,,,,,0,0,0,0,1,0,0,0,0.0,historical_mission_outcome,NASA NSSDCA planetary mission catalog,https://nssdc.gsfc.nasa.gov/planetary/projectdata.html,NASA NSSDCA,not_joined,2026-10-04T15:58:58+00:00,catalogued,"1 = documented successful mission/mission phase; 0 = documented unsuccessful; blank = active, partial, planned, or ambiguous",Derived from sourced values; solar flux assumes inverse-square scaling from heliocentric semimajor-axis proxy; light time uses JPL au/c constant.,,,,,,,,,,,,0.0,not_available,not_available,not_available,,,,,,,,mission-catalogue provenance from V2,,,,,,,0,,,,,,transparent heuristic screening index; NOT ML probability,requires separately curated future-feasibility label,V2 mission catalogue + V3 target physics + V4 analytical physics + official mission enrichments where available
VORNIS-M0107,Hayabusa2,JAXA,162173 Ryugu,Ryugu,1,Sample Return,sample_return,,2014.0,,,,,,,,not provided in NSSDCA catalog index; blank rather than inferred,,,Completed,Completed,1.0,1.0,,,,,,,,,,,,,,,0,0,0,0,1,0,0,0,0.0,historical_mission_outcome,NASA NSSDCA planetary mission catalog,https://nssdc.gsfc.nasa.gov/planetary/projectdata.html,NASA NSSDCA,not_joined,2026-10-04T15:58:58+00:00,catalogued,"1 = documented successful mission/mission phase; 0 = documented unsuccessful; blank = active, partial, planned, or ambiguous",Derived from sourced values; solar flux assumes inverse-square scaling from heliocentric semimajor-axis proxy; light time uses JPL au/c constant.,,,,,,,,,,,,0.0,not_available,not_available,not_available,,,,,,,,mission-catalogue provenance from V2,,,,,,,0,,,,,,transparent heuristic screening index; NOT ML probability,requires separately curated future-feasibility label,V2 mission catalogue + V3 target physics + V4 analytical physics + official mission enrichments where available
VORNIS-M0108,MMX,JAXA,Phobos,Phobos,1,Sample Return,sample_return,,2026.0,,,,,,,,not provided in NSSDCA catalog index; blank rather than inferred,,,Planned,Planned,,,Phobos,moon,Mars,1.061e-08,11.08,1.872,0.0057,0.0005812382413974,0.011,1.523679,0.4307378501176276,12.672051833840875,1.0,,0,0,0,0,1,0,0,4,50.0,unlabeled,NASA NSSDCA planetary mission catalog,https://nssdc.gsfc.nasa.gov/planetary/projectdata.html,NASA NSSDCA,JPL SSD planetary/satellite physical parameters,2026-10-04T15:58:58+00:00,catalogued,"1 = documented successful mission/mission phase; 0 = documented unsuccessful; blank = active, partial, planned, or ambiguous",Derived from sourced values; solar flux assumes inverse-square scaling from heliocentric semimajor-axis proxy; light time uses JPL au/c constant.,2.944689256382638,2.6488952292183257,5.593584485600964,258.8657588951053,0.4307378501176276,225.6204486710327,earth_like,12.672051833840875,25.344103667681757,0.0009830205540661,1.0,45.5,idealized_two_body_earth_to_target_orbit_proxy,idealized_blackbody_proxy,solar_flux_proxy_not_radiation_dose,,,,,,,,mission-catalogue provenance from V2,,,,25.344103667681757,0.4307378501176276,,0,0.2796792242800482,0.008448034555893916,0.00018333333333333334,0.18289348195597238,88.2,transparent heuristic screening index; NOT ML probability,requires separately curated future-feasibility label,V2 mission catalogue + V3 target physics + V4 analytical physics + official mission enrichments where available
VORNIS-M0109,JUICE,ESA,Jupiter; Ganymede; Callisto; Europa,Jupiter,4,Orbiter / Flybys,mixed,,2023.0,,,,,,,,not provided in NSSDCA catalog index; blank rather than inferred,,,Active / cruise,Active / cruise,,,Jupiter,planet,Sun,1898.125,69911.0,1.3262,24.79,2.5278764919722843,60.2,5.202887,0.0369412181736708,43.27109171263557,0.0,,0,0,0,0,0,0,0,4,50.0,unlabeled,NASA NSSDCA planetary mission catalog,https://nssdc.gsfc.nasa.gov/planetary/projectdata.html,NASA NSSDCA,JPL SSD planetary/satellite physical parameters,2026-10-04T15:58:58+00:00,catalogued,"1 = documented successful mission/mission phase; 0 = documented unsuccessful; blank = active, partial, planned, or ambiguous",Derived from sourced values; solar flux assumes inverse-square scaling from heliocentric semimajor-axis proxy; light time uses JPL au/c constant.,8.792745188174479,5.643205765124286,14.435950953298764,997.5030724335468,0.0369412181736708,122.09644038930092,very_cold,43.27109171263557,86.54218342527115,5.379803395889187,0.0,45.5,idealized_two_body_earth_to_target_orbit_proxy,idealized_blackbody_proxy,solar_flux_proxy_not_radiation_dose,,,,,,bi-propellant chemical; MMH/MON,Jupiter radiation; ESA documents radiation vaults/shielding,official mission page/factsheet,,,,86.54218342527115,0.0369412181736708,1.0,0,0.7217975476649382,0.02884739447509038,1.0,0.7162443936820493,38.3,transparent heuristic screening index; NOT ML probability,requires separately curated future-feasibility label,V2 mission catalogue + V3 target physics + V4 analytical physics + official mission enrichments where available
VORNIS-M0110,Hera,ESA,Didymos / Dimorphos,Dimorphos,1,Orbiter,orbiter,,2024.0,,,,,,,,not provided in NSSDCA catalog index; blank rather than inferred,,,Active / cruise,Active / cruise,,,,,,,,,,,,,,,,,0,1,0,0,0,0,0,0,0.0,unlabeled,NASA NSSDCA planetary mission catalog,https://nssdc.gsfc.nasa.gov/planetary/projectdata.html,NASA NSSDCA,not_joined,2026-10-04T15:58:58+00:00,catalogued,"1 = documented successful mission/mission phase; 0 = documented unsuccessful; blank = active, partial, planned, or ambiguous",Derived from sourced values; solar flux assumes inverse-square scaling from heliocentric semimajor-axis proxy; light time uses JPL au/c constant.,,,,,,,,,,,,0.0,not_available,not_available,not_available,,,,,,,,mission-catalogue provenance from V2,,,,,,,0,,,,,,transparent heuristic screening index; NOT ML probability,requires separately curated future-feasibility label,V2 mission catalogue + V3 target physics + V4 analytical physics + official mission enrichments where available
VORNIS-M0111,Mars Orbiter Mission-2,ISRO,Mars,Mars,1,Orbiter,orbiter,,,,,,,,,,not provided in NSSDCA catalog index; blank rather than inferred,,,Planned / proposed,Planned / proposed,,,Mars,planet,Sun,0.641691,3389.5,3.934,3.71,0.3783147150148114,5.03,1.523679,0.4307378501176276,12.672051833840875,1.0,,0,1,0,0,0,0,0,4,50.0,unlabeled,NASA NSSDCA planetary mission catalog,https://nssdc.gsfc.nasa.gov/planetary/projectdata.html,NASA NSSDCA,JPL SSD planetary/satellite physical parameters,2026-10-04T15:58:58+00:00,catalogued,"1 = documented successful mission/mission phase; 0 = documented unsuccessful; blank = active, partial, planned, or ambiguous",Derived from sourced values; solar flux assumes inverse-square scaling from heliocentric semimajor-axis proxy; light time uses JPL au/c constant.,2.944689256382638,2.6488952292183257,5.593584485600964,258.8657588951053,0.4307378501176276,225.6204486710327,earth_like,12.672051833840875,25.344103667681757,0.449508489722967,1.0,45.5,idealized_two_body_earth_to_target_orbit_proxy,idealized_blackbody_proxy,solar_flux_proxy_not_radiation_dose,,,,,,,,mission-catalogue provenance from V2,,,,25.344103667681757,0.4307378501176276,,0,0.2796792242800482,0.008448034555893916,0.08383333333333334,0.18289348195597238,86.1,transparent heuristic screening index; NOT ML probability,requires separately curated future-feasibility label,V2 mission catalogue + V3 target physics + V4 analytical physics + official mission enrichments where available
VORNIS-M0112,Venus Orbiter Mission (Shukrayaan-1),ISRO,Venus,Venus,1,Orbiter,orbiter,,,,,,,,,,not provided in NSSDCA catalog index; blank rather than inferred,,,Planned / proposed,Planned / proposed,,,Venus,planet,Sun,4.86731,6051.8,5.243,8.87,0.9044882809114224,10.36,0.723332,1.9112814414863863,6.015768805027692,1.0,,0,1,0,0,0,0,0,4,50.0,unlabeled,NASA NSSDCA planetary mission catalog,https://nssdc.gsfc.nasa.gov/planetary/projectdata.html,NASA NSSDCA,JPL SSD planetary/satellite physical parameters,2026-10-04T15:58:58+00:00,catalogued,"1 = documented successful mission/mission phase; 0 = documented unsuccessful; blank = active, partial, planned, or ambiguous",Derived from sourced values; solar flux assumes inverse-square scaling from heliocentric semimajor-axis proxy; light time uses JPL au/c constant.,2.495387039515929,2.706563446909321,5.20195048642525,146.07532668820045,1.9112814414863863,327.4585694527562,earth_like,6.015768805027692,12.031537610055384,0.9258266309204648,1.0,45.5,idealized_two_body_earth_to_target_orbit_proxy,idealized_blackbody_proxy,solar_flux_proxy_not_radiation_dose,,,,,,,,mission-catalogue provenance from V2,,,,12.031537610055384,1.9112814414863863,,0,0.26009752432126254,0.004010512536685128,0.17266666666666666,0.14066232141469456,85.6,transparent heuristic screening index; NOT ML probability,requires separately curated future-feasibility label,V2 mission catalogue + V3 target physics + V4 analytical physics + official mission enrichments where available
VORNIS-M0113,Venus Express,ESA,Venus,Venus,1,Orbiter,orbiter,,2005.0,,,,,,,,not provided in NSSDCA catalog index; blank rather than inferred,,,Completed,Completed,1.0,1.0,Venus,planet,Sun,4.86731,6051.8,5.243,8.87,0.9044882809114224,10.36,0.723332,1.9112814414863863,6.015768805027692,1.0,,0,1,0,0,0,0,0,4,50.0,historical_mission_outcome,NASA NSSDCA planetary mission catalog,https://nssdc.gsfc.nasa.gov/planetary/projectdata.html,NASA NSSDCA,JPL SSD planetary/satellite physical parameters,2026-10-04T15:58:58+00:00,catalogued,"1 = documented successful mission/mission phase; 0 = documented unsuccessful; blank = active, partial, planned, or ambiguous",Derived from sourced values; solar flux assumes inverse-square scaling from heliocentric semimajor-axis proxy; light time uses JPL au/c constant.,2.495387039515929,2.706563446909321,5.20195048642525,146.07532668820045,1.9112814414863863,327.4585694527562,earth_like,6.015768805027692,12.031537610055384,0.9258266309204648,1.0,45.5,idealized_two_body_earth_to_target_orbit_proxy,idealized_blackbody_proxy,solar_flux_proxy_not_radiation_dose,,,,,,,,mission-catalogue provenance from V2,,,,12.031537610055384,1.9112814414863863,,0,0.26009752432126254,0.004010512536685128,0.17266666666666666,0.14066232141469456,85.6,transparent heuristic screening index; NOT ML probability,requires separately curated future-feasibility label,V2 mission catalogue + V3 target physics + V4 analytical physics + official mission enrichments where available
VORNIS-M0114,ExoMars Trace Gas Orbiter,ESA/Roscosmos,Mars,Mars,1,Orbiter,orbiter,,2016.0,,,,,,,,not provided in NSSDCA catalog index; blank rather than inferred,,,Active/extended,Active/extended,,,Mars,planet,Sun,0.641691,3389.5,3.934,3.71,0.3783147150148114,5.03,1.523679,0.4307378501176276,12.672051833840875,1.0,,0,1,0,0,0,0,0,4,50.0,unlabeled,NASA NSSDCA planetary mission catalog,https://nssdc.gsfc.nasa.gov/planetary/projectdata.html,NASA NSSDCA,JPL SSD planetary/satellite physical parameters,2026-10-04T15:58:58+00:00,catalogued,"1 = documented successful mission/mission phase; 0 = documented unsuccessful; blank = active, partial, planned, or ambiguous",Derived from sourced values; solar flux assumes inverse-square scaling from heliocentric semimajor-axis proxy; light time uses JPL au/c constant.,2.944689256382638,2.6488952292183257,5.593584485600964,258.8657588951053,0.4307378501176276,225.6204486710327,earth_like,12.672051833840875,25.344103667681757,0.449508489722967,1.0,45.5,idealized_two_body_earth_to_target_orbit_proxy,idealized_blackbody_proxy,solar_flux_proxy_not_radiation_dose,,,,,,,,mission-catalogue provenance from V2,,,,25.344103667681757,0.4307378501176276,,0,0.2796792242800482,0.008448034555893916,0.08383333333333334,0.18289348195597238,86.1,transparent heuristic screening index; NOT ML probability,requires separately curated future-feasibility label,V2 mission catalogue + V3 target physics + V4 analytical physics + official mission enrichments where available
VORNIS-M0115,ExoMars Schiaparelli,ESA/Roscosmos,Mars,Mars,1,Entry/Lander demonstrator,mixed,,2016.0,,,,,,,,not provided in NSSDCA catalog index; blank rather than inferred,,,Unsuccessful landing,Unsuccessful landing,0.0,0.0,Mars,planet,Sun,0.641691,3389.5,3.934,3.71,0.3783147150148114,5.03,1.523679,0.4307378501176276,12.672051833840875,1.0,,0,0,0,0,0,0,0,4,50.0,historical_mission_outcome,NASA NSSDCA planetary mission catalog,https://nssdc.gsfc.nasa.gov/planetary/projectdata.html,NASA NSSDCA,JPL SSD planetary/satellite physical parameters,2026-10-04T15:58:58+00:00,catalogued,"1 = documented successful mission/mission phase; 0 = documented unsuccessful; blank = active, partial, planned, or ambiguous",Derived from sourced values; solar flux assumes inverse-square scaling from heliocentric semimajor-axis proxy; light time uses JPL au/c constant.,2.944689256382638,2.6488952292183257,5.593584485600964,258.8657588951053,0.4307378501176276,225.6204486710327,earth_like,12.672051833840875,25.344103667681757,0.449508489722967,1.0,45.5,idealized_two_body_earth_to_target_orbit_proxy,idealized_blackbody_proxy,solar_flux_proxy_not_radiation_dose,,,,,,,,mission-catalogue provenance from V2,,,,25.344103667681757,0.4307378501176276,,0,0.2796792242800482,0.008448034555893916,0.08383333333333334,0.18289348195597238,86.1,transparent heuristic screening index; NOT ML probability,requires separately curated future-feasibility label,V2 mission catalogue + V3 target physics + V4 analytical physics + official mission enrichments where available
VORNIS-M0116,DART,NASA,Dimorphos,Dimorphos,1,Kinetic impactor,mixed,,2021.0,,,,,,,,not provided in NSSDCA catalog index; blank rather than inferred,,,Completed,Completed,1.0,1.0,,,,,,,,,,,,,,,0,0,0,0,0,0,0,0,0.0,historical_mission_outcome,NASA NSSDCA planetary mission catalog,https://nssdc.gsfc.nasa.gov/planetary/projectdata.html,NASA NSSDCA,not_joined,2026-10-04T15:58:58+00:00,catalogued,"1 = documented successful mission/mission phase; 0 = documented unsuccessful; blank = active, partial, planned, or ambiguous",Derived from sourced values; solar flux assumes inverse-square scaling from heliocentric semimajor-axis proxy; light time uses JPL au/c constant.,,,,,,,,,,,,0.0,not_available,not_available,not_available,,,,,,,,mission-catalogue provenance from V2,,,,,,,0,,,,,,transparent heuristic screening index; NOT ML probability,requires separately curated future-feasibility label,V2 mission catalogue + V3 target physics + V4 analytical physics + official mission enrichments where available
VORNIS-M0117,OSIRIS-APEX,NASA,Apophis,Apophis,1,Rendezvous/orbiter,mixed,,2016.0,,,,,,,,not provided in NSSDCA catalog index; blank rather than inferred,,,Active / extended mission,Active / extended mission,,,,,,,,,,,,,,,,,0,0,0,0,0,0,0,0,0.0,unlabeled,NASA NSSDCA planetary mission catalog,https://nssdc.gsfc.nasa.gov/planetary/projectdata.html,NASA NSSDCA,not_joined,2026-10-04T15:58:58+00:00,catalogued,"1 = documented successful mission/mission phase; 0 = documented unsuccessful; blank = active, partial, planned, or ambiguous",Derived from sourced values; solar flux assumes inverse-square scaling from heliocentric semimajor-axis proxy; light time uses JPL au/c constant.,,,,,,,,,,,,0.0,not_available,not_available,not_available,,,,,,,,mission-catalogue provenance from V2,,,,,,,0,,,,,,transparent heuristic screening index; NOT ML probability,requires separately curated future-feasibility label,V2 mission catalogue + V3 target physics + V4 analytical physics + official mission enrichments where available
VORNIS-M0118,Stardust-NExT,NASA,Comet Tempel 1,Tempel 1,1,Flyby,flyby,,1999.0,,,,,,,,not provided in NSSDCA catalog index; blank rather than inferred,,,Completed,Completed,1.0,1.0,,,,,,,,,,,,,,,1,0,0,0,0,0,0,0,0.0,historical_mission_outcome,NASA NSSDCA planetary mission catalog,https://nssdc.gsfc.nasa.gov/planetary/projectdata.html,NASA NSSDCA,not_joined,2026-10-04T15:58:58+00:00,catalogued,"1 = documented successful mission/mission phase; 0 = documented unsuccessful; blank = active, partial, planned, or ambiguous",Derived from sourced values; solar flux assumes inverse-square scaling from heliocentric semimajor-axis proxy; light time uses JPL au/c constant.,,,,,,,,,,,,0.0,not_available,not_available,not_available,,,,,,,,mission-catalogue provenance from V2,,,,,,,0,,,,,,transparent heuristic screening index; NOT ML probability,requires separately curated future-feasibility label,V2 mission catalogue + V3 target physics + V4 analytical physics + official mission enrichments where available
VORNIS-M0119,EPOXI,NASA,Comet Hartley 2,Hartley 2,1,Flyby,flyby,,2005.0,,,,,,,,not provided in NSSDCA catalog index; blank rather than inferred,,,Completed,Completed,1.0,1.0,,,,,,,,,,,,,,,1,0,0,0,0,0,0,0,0.0,historical_mission_outcome,NASA NSSDCA planetary mission catalog,https://nssdc.gsfc.nasa.gov/planetary/projectdata.html,NASA NSSDCA,not_joined,2026-10-04T15:58:58+00:00,catalogued,"1 = documented successful mission/mission phase; 0 = documented unsuccessful; blank = active, partial, planned, or ambiguous",Derived from sourced values; solar flux assumes inverse-square scaling from heliocentric semimajor-axis proxy; light time uses JPL au/c constant.,,,,,,,,,,,,0.0,not_available,not_available,not_available,,,,,,,,mission-catalogue provenance from V2,,,,,,,0,,,,,,transparent heuristic screening index; NOT ML probability,requires separately curated future-feasibility label,V2 mission catalogue + V3 target physics + V4 analytical physics + official mission enrichments where available
VORNIS-M0120,LADEE,NASA,Moon,Moon,1,Orbiter,orbiter,,2013.0,,,,,,,,not provided in NSSDCA catalog index; blank rather than inferred,,,Completed,Completed,1.0,1.0,Moon,moon,Earth,0.07342,1737.4,3.344,1.62,0.1651940265024244,2.38,1.0000174,0.999965200908259,8.316891108653978,1.0,,0,1,0,0,0,0,0,4,50.0,historical_mission_outcome,NASA NSSDCA planetary mission catalog,https://nssdc.gsfc.nasa.gov/planetary/projectdata.html,NASA NSSDCA,JPL SSD planetary/satellite physical parameters,2026-10-04T15:58:58+00:00,catalogued,"1 = documented successful mission/mission phase; 0 = documented unsuccessful; blank = active, partial, planned, or ambiguous",Derived from sourced values; solar flux assumes inverse-square scaling from heliocentric semimajor-axis proxy; light time uses JPL au/c constant.,0.0001295620004988,0.0001295614369034,0.0002591234374023,182.63083247006344,0.999965200908259,278.49757708161906,earth_like,8.316891108653978,16.633782217307957,0.2126899016979446,1.0,45.5,idealized_two_body_earth_to_target_orbit_proxy,idealized_blackbody_proxy,solar_flux_proxy_not_radiation_dose,,,,,,,,mission-catalogue provenance from V2,,,,16.633782217307957,0.999965200908259,,0,1.2956171870114999e-05,0.005544594072435986,0.03966666666666666,7.556658242360181e-06,98.9,transparent heuristic screening index; NOT ML probability,requires separately curated future-feasibility label,V2 mission catalogue + V3 target physics + V4 analytical physics + official mission enrichments where available
VORNIS-M0121,GRAIL-A,NASA,Moon,Moon,1,Orbiter,orbiter,,2011.0,,,,,,,,not provided in NSSDCA catalog index; blank rather than inferred,,,Completed,Completed,1.0,1.0,Moon,moon,Earth,0.07342,1737.4,3.344,1.62,0.1651940265024244,2.38,1.0000174,0.999965200908259,8.316891108653978,1.0,,0,1,0,0,0,0,0,4,50.0,historical_mission_outcome,NASA NSSDCA planetary mission catalog,https://nssdc.gsfc.nasa.gov/planetary/projectdata.html,NASA NSSDCA,JPL SSD planetary/satellite physical parameters,2026-10-04T15:58:58+00:00,catalogued,"1 = documented successful mission/mission phase; 0 = documented unsuccessful; blank = active, partial, planned, or ambiguous",Derived from sourced values; solar flux assumes inverse-square scaling from heliocentric semimajor-axis proxy; light time uses JPL au/c constant.,0.0001295620004988,0.0001295614369034,0.0002591234374023,182.63083247006344,0.999965200908259,278.49757708161906,earth_like,8.316891108653978,16.633782217307957,0.2126899016979446,1.0,45.5,idealized_two_body_earth_to_target_orbit_proxy,idealized_blackbody_proxy,solar_flux_proxy_not_radiation_dose,,,,,,,,mission-catalogue provenance from V2,,,,16.633782217307957,0.999965200908259,,0,1.2956171870114999e-05,0.005544594072435986,0.03966666666666666,7.556658242360181e-06,98.9,transparent heuristic screening index; NOT ML probability,requires separately curated future-feasibility label,V2 mission catalogue + V3 target physics + V4 analytical physics + official mission enrichments where available
VORNIS-M0122,GRAIL-B,NASA,Moon,Moon,1,Orbiter,orbiter,,2011.0,,,,,,,,not provided in NSSDCA catalog index; blank rather than inferred,,,Completed,Completed,1.0,1.0,Moon,moon,Earth,0.07342,1737.4,3.344,1.62,0.1651940265024244,2.38,1.0000174,0.999965200908259,8.316891108653978,1.0,,0,1,0,0,0,0,0,4,50.0,historical_mission_outcome,NASA NSSDCA planetary mission catalog,https://nssdc.gsfc.nasa.gov/planetary/projectdata.html,NASA NSSDCA,JPL SSD planetary/satellite physical parameters,2026-10-04T15:58:58+00:00,catalogued,"1 = documented successful mission/mission phase; 0 = documented unsuccessful; blank = active, partial, planned, or ambiguous",Derived from sourced values; solar flux assumes inverse-square scaling from heliocentric semimajor-axis proxy; light time uses JPL au/c constant.,0.0001295620004988,0.0001295614369034,0.0002591234374023,182.63083247006344,0.999965200908259,278.49757708161906,earth_like,8.316891108653978,16.633782217307957,0.2126899016979446,1.0,45.5,idealized_two_body_earth_to_target_orbit_proxy,idealized_blackbody_proxy,solar_flux_proxy_not_radiation_dose,,,,,,,,mission-catalogue provenance from V2,,,,16.633782217307957,0.999965200908259,,0,1.2956171870114999e-05,0.005544594072435986,0.03966666666666666,7.556658242360181e-06,98.9,transparent heuristic screening index; NOT ML probability,requires separately curated future-feasibility label,V2 mission catalogue + V3 target physics + V4 analytical physics + official mission enrichments where available
VORNIS-M0123,Artemis P1,NASA,Earth-Moon system,Moon,1,Orbiter,orbiter,,2007.0,,,,,,,,not provided in NSSDCA catalog index; blank rather than inferred,,,Completed,Completed,1.0,1.0,Moon,moon,Earth,0.07342,1737.4,3.344,1.62,0.1651940265024244,2.38,1.0000174,0.999965200908259,8.316891108653978,1.0,,0,1,0,0,0,0,0,4,50.0,historical_mission_outcome,NASA NSSDCA planetary mission catalog,https://nssdc.gsfc.nasa.gov/planetary/projectdata.html,NASA NSSDCA,JPL SSD planetary/satellite physical parameters,2026-10-04T15:58:58+00:00,catalogued,"1 = documented successful mission/mission phase; 0 = documented unsuccessful; blank = active, partial, planned, or ambiguous",Derived from sourced values; solar flux assumes inverse-square scaling from heliocentric semimajor-axis proxy; light time uses JPL au/c constant.,0.0001295620004988,0.0001295614369034,0.0002591234374023,182.63083247006344,0.999965200908259,278.49757708161906,earth_like,8.316891108653978,16.633782217307957,0.2126899016979446,1.0,45.5,idealized_two_body_earth_to_target_orbit_proxy,idealized_blackbody_proxy,solar_flux_proxy_not_radiation_dose,,,,,,,,mission-catalogue provenance from V2,,,,16.633782217307957,0.999965200908259,,0,1.2956171870114999e-05,0.005544594072435986,0.03966666666666666,7.556658242360181e-06,98.9,transparent heuristic screening index; NOT ML probability,requires separately curated future-feasibility label,V2 mission catalogue + V3 target physics + V4 analytical physics + official mission enrichments where available
VORNIS-M0124,Artemis P2,NASA,Earth-Moon system,Moon,1,Orbiter,orbiter,,2007.0,,,,,,,,not provided in NSSDCA catalog index; blank rather than inferred,,,Completed,Completed,1.0,1.0,Moon,moon,Earth,0.07342,1737.4,3.344,1.62,0.1651940265024244,2.38,1.0000174,0.999965200908259,8.316891108653978,1.0,,0,1,0,0,0,0,0,4,50.0,historical_mission_outcome,NASA NSSDCA planetary mission catalog,https://nssdc.gsfc.nasa.gov/planetary/projectdata.html,NASA NSSDCA,JPL SSD planetary/satellite physical parameters,2026-10-04T15:58:58+00:00,catalogued,"1 = documented successful mission/mission phase; 0 = documented unsuccessful; blank = active, partial, planned, or ambiguous",Derived from sourced values; solar flux assumes inverse-square scaling from heliocentric semimajor-axis proxy; light time uses JPL au/c constant.,0.0001295620004988,0.0001295614369034,0.0002591234374023,182.63083247006344,0.999965200908259,278.49757708161906,earth_like,8.316891108653978,16.633782217307957,0.2126899016979446,1.0,45.5,idealized_two_body_earth_to_target_orbit_proxy,idealized_blackbody_proxy,solar_flux_proxy_not_radiation_dose,,,,,,,,mission-catalogue provenance from V2,,,,16.633782217307957,0.999965200908259,,0,1.2956171870114999e-05,0.005544594072435986,0.03966666666666666,7.556658242360181e-06,98.9,transparent heuristic screening index; NOT ML probability,requires separately curated future-feasibility label,V2 mission catalogue + V3 target physics + V4 analytical physics + official mission enrichments where available
VORNIS-M0125,CAPSTONE,NASA,Moon / NRHO,Moon,1,Orbiter,orbiter,,2022.0,,,,,,,,not provided in NSSDCA catalog index; blank rather than inferred,,,Active,Active,,,Moon,moon,Earth,0.07342,1737.4,3.344,1.62,0.1651940265024244,2.38,1.0000174,0.999965200908259,8.316891108653978,1.0,,0,1,0,0,0,0,0,4,50.0,unlabeled,NASA NSSDCA planetary mission catalog,https://nssdc.gsfc.nasa.gov/planetary/projectdata.html,NASA NSSDCA,JPL SSD planetary/satellite physical parameters,2026-10-04T15:58:58+00:00,catalogued,"1 = documented successful mission/mission phase; 0 = documented unsuccessful; blank = active, partial, planned, or ambiguous",Derived from sourced values; solar flux assumes inverse-square scaling from heliocentric semimajor-axis proxy; light time uses JPL au/c constant.,0.0001295620004988,0.0001295614369034,0.0002591234374023,182.63083247006344,0.999965200908259,278.49757708161906,earth_like,8.316891108653978,16.633782217307957,0.2126899016979446,1.0,45.5,idealized_two_body_earth_to_target_orbit_proxy,idealized_blackbody_proxy,solar_flux_proxy_not_radiation_dose,,,,,,,,mission-catalogue provenance from V2,,,,16.633782217307957,0.999965200908259,,0,1.2956171870114999e-05,0.005544594072435986,0.03966666666666666,7.556658242360181e-06,98.9,transparent heuristic screening index; NOT ML probability,requires separately curated future-feasibility label,V2 mission catalogue + V3 target physics + V4 analytical physics + official mission enrichments where available
VORNIS-M0126,Danuri (KPLO),KARI,Moon,Moon,1,Orbiter,orbiter,,2022.0,,,,,,,,not provided in NSSDCA catalog index; blank rather than inferred,,,Operational,Operational,,,Moon,moon,Earth,0.07342,1737.4,3.344,1.62,0.1651940265024244,2.38,1.0000174,0.999965200908259,8.316891108653978,1.0,,0,1,0,0,0,0,0,4,50.0,unlabeled,NASA NSSDCA planetary mission catalog,https://nssdc.gsfc.nasa.gov/planetary/projectdata.html,NASA NSSDCA,JPL SSD planetary/satellite physical parameters,2026-10-04T15:58:58+00:00,catalogued,"1 = documented successful mission/mission phase; 0 = documented unsuccessful; blank = active, partial, planned, or ambiguous",Derived from sourced values; solar flux assumes inverse-square scaling from heliocentric semimajor-axis proxy; light time uses JPL au/c constant.,0.0001295620004988,0.0001295614369034,0.0002591234374023,182.63083247006344,0.999965200908259,278.49757708161906,earth_like,8.316891108653978,16.633782217307957,0.2126899016979446,1.0,45.5,idealized_two_body_earth_to_target_orbit_proxy,idealized_blackbody_proxy,solar_flux_proxy_not_radiation_dose,,,,,,,,mission-catalogue provenance from V2,,,,16.633782217307957,0.999965200908259,,0,1.2956171870114999e-05,0.005544594072435986,0.03966666666666666,7.556658242360181e-06,98.9,transparent heuristic screening index; NOT ML probability,requires separately curated future-feasibility label,V2 mission catalogue + V3 target physics + V4 analytical physics + official mission enrichments where available
VORNIS-M0127,Hakuto-R Mission 1,ispace,Moon,Moon,1,Lander,lander,,2023.0,,,,,,,,not provided in NSSDCA catalog index; blank rather than inferred,,,Unsuccessful landing,Unsuccessful landing,0.0,0.0,Moon,moon,Earth,0.07342,1737.4,3.344,1.62,0.1651940265024244,2.38,1.0000174,0.999965200908259,8.316891108653978,1.0,,0,0,1,0,0,0,1,4,50.0,historical_mission_outcome,NASA NSSDCA planetary mission catalog,https://nssdc.gsfc.nasa.gov/planetary/projectdata.html,NASA NSSDCA,JPL SSD planetary/satellite physical parameters,2026-10-04T15:58:58+00:00,catalogued,"1 = documented successful mission/mission phase; 0 = documented unsuccessful; blank = active, partial, planned, or ambiguous",Derived from sourced values; solar flux assumes inverse-square scaling from heliocentric semimajor-axis proxy; light time uses JPL au/c constant.,0.0001295620004988,0.0001295614369034,0.0002591234374023,182.63083247006344,0.999965200908259,278.49757708161906,earth_like,8.316891108653978,16.633782217307957,0.2126899016979446,1.0,45.5,idealized_two_body_earth_to_target_orbit_proxy,idealized_blackbody_proxy,solar_flux_proxy_not_radiation_dose,,,,,,,,mission-catalogue provenance from V2,,,,16.633782217307957,0.999965200908259,,0,1.2956171870114999e-05,0.005544594072435986,0.03966666666666666,7.556658242360181e-06,98.9,transparent heuristic screening index; NOT ML probability,requires separately curated future-feasibility label,V2 mission catalogue + V3 target physics + V4 analytical physics + official mission enrichments where available
VORNIS-M0128,SLIM,JAXA,Moon,Moon,1,Lander,lander,,2023.0,,,,,,,,not provided in NSSDCA catalog index; blank rather than inferred,,,Completed precision landing mission,Completed precision landing mission,1.0,1.0,Moon,moon,Earth,0.07342,1737.4,3.344,1.62,0.1651940265024244,2.38,1.0000174,0.999965200908259,8.316891108653978,1.0,,0,0,1,0,0,0,1,4,50.0,historical_mission_outcome,NASA NSSDCA planetary mission catalog,https://nssdc.gsfc.nasa.gov/planetary/projectdata.html,NASA NSSDCA,JPL SSD planetary/satellite physical parameters,2026-10-04T15:58:58+00:00,catalogued,"1 = documented successful mission/mission phase; 0 = documented unsuccessful; blank = active, partial, planned, or ambiguous",Derived from sourced values; solar flux assumes inverse-square scaling from heliocentric semimajor-axis proxy; light time uses JPL au/c constant.,0.0001295620004988,0.0001295614369034,0.0002591234374023,182.63083247006344,0.999965200908259,278.49757708161906,earth_like,8.316891108653978,16.633782217307957,0.2126899016979446,1.0,45.5,idealized_two_body_earth_to_target_orbit_proxy,idealized_blackbody_proxy,solar_flux_proxy_not_radiation_dose,,,,,,,,mission-catalogue provenance from V2,,,,16.633782217307957,0.999965200908259,,0,1.2956171870114999e-05,0.005544594072435986,0.03966666666666666,7.556658242360181e-06,98.9,transparent heuristic screening index; NOT ML probability,requires separately curated future-feasibility label,V2 mission catalogue + V3 target physics + V4 analytical physics + official mission enrichments where available
VORNIS-M0129,Luna 9,Soviet Union,Moon,Moon,1,Lander,lander,,1966.0,,,,,,,,not provided in NSSDCA catalog index; blank rather than inferred,,,Completed,Completed,1.0,1.0,Moon,moon,Earth,0.07342,1737.4,3.344,1.62,0.1651940265024244,2.38,1.0000174,0.999965200908259,8.316891108653978,1.0,,0,0,1,0,0,0,1,4,50.0,historical_mission_outcome,NASA NSSDCA planetary mission catalog,https://nssdc.gsfc.nasa.gov/planetary/projectdata.html,NASA NSSDCA,JPL SSD planetary/satellite physical parameters,2026-10-04T15:58:58+00:00,catalogued,"1 = documented successful mission/mission phase; 0 = documented unsuccessful; blank = active, partial, planned, or ambiguous",Derived from sourced values; solar flux assumes inverse-square scaling from heliocentric semimajor-axis proxy; light time uses JPL au/c constant.,0.0001295620004988,0.0001295614369034,0.0002591234374023,182.63083247006344,0.999965200908259,278.49757708161906,earth_like,8.316891108653978,16.633782217307957,0.2126899016979446,1.0,45.5,idealized_two_body_earth_to_target_orbit_proxy,idealized_blackbody_proxy,solar_flux_proxy_not_radiation_dose,,,,,,,,mission-catalogue provenance from V2,,,,16.633782217307957,0.999965200908259,,0,1.2956171870114999e-05,0.005544594072435986,0.03966666666666666,7.556658242360181e-06,98.9,transparent heuristic screening index; NOT ML probability,requires separately curated future-feasibility label,V2 mission catalogue + V3 target physics + V4 analytical physics + official mission enrichments where available
VORNIS-M0130,Luna 16,Soviet Union,Moon,Moon,1,Sample Return,sample_return,,1970.0,,,,,,,,not provided in NSSDCA catalog index; blank rather than inferred,,,Completed,Completed,1.0,1.0,Moon,moon,Earth,0.07342,1737.4,3.344,1.62,0.1651940265024244,2.38,1.0000174,0.999965200908259,8.316891108653978,1.0,,0,0,0,0,1,0,0,4,50.0,historical_mission_outcome,NASA NSSDCA planetary mission catalog,https://nssdc.gsfc.nasa.gov/planetary/projectdata.html,NASA NSSDCA,JPL SSD planetary/satellite physical parameters,2026-10-04T15:58:58+00:00,catalogued,"1 = documented successful mission/mission phase; 0 = documented unsuccessful; blank = active, partial, planned, or ambiguous",Derived from sourced values; solar flux assumes inverse-square scaling from heliocentric semimajor-axis proxy; light time uses JPL au/c constant.,0.0001295620004988,0.0001295614369034,0.0002591234374023,182.63083247006344,0.999965200908259,278.49757708161906,earth_like,8.316891108653978,16.633782217307957,0.2126899016979446,1.0,45.5,idealized_two_body_earth_to_target_orbit_proxy,idealized_blackbody_proxy,solar_flux_proxy_not_radiation_dose,,,,,,,,mission-catalogue provenance from V2,,,,16.633782217307957,0.999965200908259,,0,1.2956171870114999e-05,0.005544594072435986,0.03966666666666666,7.556658242360181e-06,98.9,transparent heuristic screening index; NOT ML probability,requires separately curated future-feasibility label,V2 mission catalogue + V3 target physics + V4 analytical physics + official mission enrichments where available
VORNIS-M0131,Luna 17 / Lunokhod 1,Soviet Union,Moon,Moon,1,Lander + Rover,mixed,,1970.0,,,,,,,,not provided in NSSDCA catalog index; blank rather than inferred,,,Completed,Completed,1.0,1.0,Moon,moon,Earth,0.07342,1737.4,3.344,1.62,0.1651940265024244,2.38,1.0000174,0.999965200908259,8.316891108653978,1.0,,0,0,0,0,0,0,0,4,50.0,historical_mission_outcome,NASA NSSDCA planetary mission catalog,https://nssdc.gsfc.nasa.gov/planetary/projectdata.html,NASA NSSDCA,JPL SSD planetary/satellite physical parameters,2026-10-04T15:58:58+00:00,catalogued,"1 = documented successful mission/mission phase; 0 = documented unsuccessful; blank = active, partial, planned, or ambiguous",Derived from sourced values; solar flux assumes inverse-square scaling from heliocentric semimajor-axis proxy; light time uses JPL au/c constant.,0.0001295620004988,0.0001295614369034,0.0002591234374023,182.63083247006344,0.999965200908259,278.49757708161906,earth_like,8.316891108653978,16.633782217307957,0.2126899016979446,1.0,45.5,idealized_two_body_earth_to_target_orbit_proxy,idealized_blackbody_proxy,solar_flux_proxy_not_radiation_dose,,,,,,,,mission-catalogue provenance from V2,,,,16.633782217307957,0.999965200908259,,0,1.2956171870114999e-05,0.005544594072435986,0.03966666666666666,7.556658242360181e-06,98.9,transparent heuristic screening index; NOT ML probability,requires separately curated future-feasibility label,V2 mission catalogue + V3 target physics + V4 analytical physics + official mission enrichments where available
VORNIS-M0132,Luna 20,Soviet Union,Moon,Moon,1,Sample Return,sample_return,,1972.0,,,,,,,,not provided in NSSDCA catalog index; blank rather than inferred,,,Completed,Completed,1.0,1.0,Moon,moon,Earth,0.07342,1737.4,3.344,1.62,0.1651940265024244,2.38,1.0000174,0.999965200908259,8.316891108653978,1.0,,0,0,0,0,1,0,0,4,50.0,historical_mission_outcome,NASA NSSDCA planetary mission catalog,https://nssdc.gsfc.nasa.gov/planetary/projectdata.html,NASA NSSDCA,JPL SSD planetary/satellite physical parameters,2026-10-04T15:58:58+00:00,catalogued,"1 = documented successful mission/mission phase; 0 = documented unsuccessful; blank = active, partial, planned, or ambiguous",Derived from sourced values; solar flux assumes inverse-square scaling from heliocentric semimajor-axis proxy; light time uses JPL au/c constant.,0.0001295620004988,0.0001295614369034,0.0002591234374023,182.63083247006344,0.999965200908259,278.49757708161906,earth_like,8.316891108653978,16.633782217307957,0.2126899016979446,1.0,45.5,idealized_two_body_earth_to_target_orbit_proxy,idealized_blackbody_proxy,solar_flux_proxy_not_radiation_dose,,,,,,,,mission-catalogue provenance from V2,,,,16.633782217307957,0.999965200908259,,0,1.2956171870114999e-05,0.005544594072435986,0.03966666666666666,7.556658242360181e-06,98.9,transparent heuristic screening index; NOT ML probability,requires separately curated future-feasibility label,V2 mission catalogue + V3 target physics + V4 analytical physics + official mission enrichments where available
VORNIS-M0133,Luna 21 / Lunokhod 2,Soviet Union,Moon,Moon,1,Lander + Rover,mixed,,1973.0,,,,,,,,not provided in NSSDCA catalog index; blank rather than inferred,,,Completed,Completed,1.0,1.0,Moon,moon,Earth,0.07342,1737.4,3.344,1.62,0.1651940265024244,2.38,1.0000174,0.999965200908259,8.316891108653978,1.0,,0,0,0,0,0,0,0,4,50.0,historical_mission_outcome,NASA NSSDCA planetary mission catalog,https://nssdc.gsfc.nasa.gov/planetary/projectdata.html,NASA NSSDCA,JPL SSD planetary/satellite physical parameters,2026-10-04T15:58:58+00:00,catalogued,"1 = documented successful mission/mission phase; 0 = documented unsuccessful; blank = active, partial, planned, or ambiguous",Derived from sourced values; solar flux assumes inverse-square scaling from heliocentric semimajor-axis proxy; light time uses JPL au/c constant.,0.0001295620004988,0.0001295614369034,0.0002591234374023,182.63083247006344,0.999965200908259,278.49757708161906,earth_like,8.316891108653978,16.633782217307957,0.2126899016979446,1.0,45.5,idealized_two_body_earth_to_target_orbit_proxy,idealized_blackbody_proxy,solar_flux_proxy_not_radiation_dose,,,,,,,,mission-catalogue provenance from V2,,,,16.633782217307957,0.999965200908259,,0,1.2956171870114999e-05,0.005544594072435986,0.03966666666666666,7.556658242360181e-06,98.9,transparent heuristic screening index; NOT ML probability,requires separately curated future-feasibility label,V2 mission catalogue + V3 target physics + V4 analytical physics + official mission enrichments where available
VORNIS-M0134,Luna 24,Soviet Union,Moon,Moon,1,Sample Return,sample_return,,1976.0,,,,,,,,not provided in NSSDCA catalog index; blank rather than inferred,,,Completed,Completed,1.0,1.0,Moon,moon,Earth,0.07342,1737.4,3.344,1.62,0.1651940265024244,2.38,1.0000174,0.999965200908259,8.316891108653978,1.0,,0,0,0,0,1,0,0,4,50.0,historical_mission_outcome,NASA NSSDCA planetary mission catalog,https://nssdc.gsfc.nasa.gov/planetary/projectdata.html,NASA NSSDCA,JPL SSD planetary/satellite physical parameters,2026-10-04T15:58:58+00:00,catalogued,"1 = documented successful mission/mission phase; 0 = documented unsuccessful; blank = active, partial, planned, or ambiguous",Derived from sourced values; solar flux assumes inverse-square scaling from heliocentric semimajor-axis proxy; light time uses JPL au/c constant.,0.0001295620004988,0.0001295614369034,0.0002591234374023,182.63083247006344,0.999965200908259,278.49757708161906,earth_like,8.316891108653978,16.633782217307957,0.2126899016979446,1.0,45.5,idealized_two_body_earth_to_target_orbit_proxy,idealized_blackbody_proxy,solar_flux_proxy_not_radiation_dose,,,,,,,,mission-catalogue provenance from V2,,,,16.633782217307957,0.999965200908259,,0,1.2956171870114999e-05,0.005544594072435986,0.03966666666666666,7.556658242360181e-06,98.9,transparent heuristic screening index; NOT ML probability,requires separately curated future-feasibility label,V2 mission catalogue + V3 target physics + V4 analytical physics + official mission enrichments where available
VORNIS-M0135,Venera 7,Soviet Union,Venus,Venus,1,Lander,lander,,1970.0,,,,,,,,not provided in NSSDCA catalog index; blank rather than inferred,,,Completed,Completed,1.0,1.0,Venus,planet,Sun,4.86731,6051.8,5.243,8.87,0.9044882809114224,10.36,0.723332,1.9112814414863863,6.015768805027692,1.0,,0,0,1,0,0,0,1,4,50.0,historical_mission_outcome,NASA NSSDCA planetary mission catalog,https://nssdc.gsfc.nasa.gov/planetary/projectdata.html,NASA NSSDCA,JPL SSD planetary/satellite physical parameters,2026-10-04T15:58:58+00:00,catalogued,"1 = documented successful mission/mission phase; 0 = documented unsuccessful; blank = active, partial, planned, or ambiguous",Derived from sourced values; solar flux assumes inverse-square scaling from heliocentric semimajor-axis proxy; light time uses JPL au/c constant.,2.495387039515929,2.706563446909321,5.20195048642525,146.07532668820045,1.9112814414863863,327.4585694527562,earth_like,6.015768805027692,12.031537610055384,0.9258266309204648,1.0,45.5,idealized_two_body_earth_to_target_orbit_proxy,idealized_blackbody_proxy,solar_flux_proxy_not_radiation_dose,,,,,,,,mission-catalogue provenance from V2,,,,12.031537610055384,1.9112814414863863,,1,0.26009752432126254,0.004010512536685128,0.17266666666666666,0.14066232141469456,85.6,transparent heuristic screening index; NOT ML probability,requires separately curated future-feasibility label,V2 mission catalogue + V3 target physics + V4 analytical physics + official mission enrichments where available
VORNIS-M0136,Venera 9,Soviet Union,Venus,Venus,1,Orbiter + Lander,mixed,,1975.0,,,,,,,,not provided in NSSDCA catalog index; blank rather than inferred,,,Completed,Completed,1.0,1.0,Venus,planet,Sun,4.86731,6051.8,5.243,8.87,0.9044882809114224,10.36,0.723332,1.9112814414863863,6.015768805027692,1.0,,0,0,0,0,0,0,0,4,50.0,historical_mission_outcome,NASA NSSDCA planetary mission catalog,https://nssdc.gsfc.nasa.gov/planetary/projectdata.html,NASA NSSDCA,JPL SSD planetary/satellite physical parameters,2026-10-04T15:58:58+00:00,catalogued,"1 = documented successful mission/mission phase; 0 = documented unsuccessful; blank = active, partial, planned, or ambiguous",Derived from sourced values; solar flux assumes inverse-square scaling from heliocentric semimajor-axis proxy; light time uses JPL au/c constant.,2.495387039515929,2.706563446909321,5.20195048642525,146.07532668820045,1.9112814414863863,327.4585694527562,earth_like,6.015768805027692,12.031537610055384,0.9258266309204648,1.0,45.5,idealized_two_body_earth_to_target_orbit_proxy,idealized_blackbody_proxy,solar_flux_proxy_not_radiation_dose,,,,,,,,mission-catalogue provenance from V2,,,,12.031537610055384,1.9112814414863863,,0,0.26009752432126254,0.004010512536685128,0.17266666666666666,0.14066232141469456,85.6,transparent heuristic screening index; NOT ML probability,requires separately curated future-feasibility label,V2 mission catalogue + V3 target physics + V4 analytical physics + official mission enrichments where available
VORNIS-M0137,Venera 13,Soviet Union,Venus,Venus,1,Orbiter + Lander,mixed,,1981.0,,,,,,,,not provided in NSSDCA catalog index; blank rather than inferred,,,Completed,Completed,1.0,1.0,Venus,planet,Sun,4.86731,6051.8,5.243,8.87,0.9044882809114224,10.36,0.723332,1.9112814414863863,6.015768805027692,1.0,,0,0,0,0,0,0,0,4,50.0,historical_mission_outcome,NASA NSSDCA planetary mission catalog,https://nssdc.gsfc.nasa.gov/planetary/projectdata.html,NASA NSSDCA,JPL SSD planetary/satellite physical parameters,2026-10-04T15:58:58+00:00,catalogued,"1 = documented successful mission/mission phase; 0 = documented unsuccessful; blank = active, partial, planned, or ambiguous",Derived from sourced values; solar flux assumes inverse-square scaling from heliocentric semimajor-axis proxy; light time uses JPL au/c constant.,2.495387039515929,2.706563446909321,5.20195048642525,146.07532668820045,1.9112814414863863,327.4585694527562,earth_like,6.015768805027692,12.031537610055384,0.9258266309204648,1.0,45.5,idealized_two_body_earth_to_target_orbit_proxy,idealized_blackbody_proxy,solar_flux_proxy_not_radiation_dose,,,,,,,,mission-catalogue provenance from V2,,,,12.031537610055384,1.9112814414863863,,0,0.26009752432126254,0.004010512536685128,0.17266666666666666,0.14066232141469456,85.6,transparent heuristic screening index; NOT ML probability,requires separately curated future-feasibility label,V2 mission catalogue + V3 target physics + V4 analytical physics + official mission enrichments where available
VORNIS-M0138,Venera 14,Soviet Union,Venus,Venus,1,Orbiter + Lander,mixed,,1981.0,,,,,,,,not provided in NSSDCA catalog index; blank rather than inferred,,,Completed,Completed,1.0,1.0,Venus,planet,Sun,4.86731,6051.8,5.243,8.87,0.9044882809114224,10.36,0.723332,1.9112814414863863,6.015768805027692,1.0,,0,0,0,0,0,0,0,4,50.0,historical_mission_outcome,NASA NSSDCA planetary mission catalog,https://nssdc.gsfc.nasa.gov/planetary/projectdata.html,NASA NSSDCA,JPL SSD planetary/satellite physical parameters,2026-10-04T15:58:58+00:00,catalogued,"1 = documented successful mission/mission phase; 0 = documented unsuccessful; blank = active, partial, planned, or ambiguous",Derived from sourced values; solar flux assumes inverse-square scaling from heliocentric semimajor-axis proxy; light time uses JPL au/c constant.,2.495387039515929,2.706563446909321,5.20195048642525,146.07532668820045,1.9112814414863863,327.4585694527562,earth_like,6.015768805027692,12.031537610055384,0.9258266309204648,1.0,45.5,idealized_two_body_earth_to_target_orbit_proxy,idealized_blackbody_proxy,solar_flux_proxy_not_radiation_dose,,,,,,,,mission-catalogue provenance from V2,,,,12.031537610055384,1.9112814414863863,,0,0.26009752432126254,0.004010512536685128,0.17266666666666666,0.14066232141469456,85.6,transparent heuristic screening index; NOT ML probability,requires separately curated future-feasibility label,V2 mission catalogue + V3 target physics + V4 analytical physics + official mission enrichments where available
